page_one_based,chapter,chapter_page_one_based,chapter_title,path,bytes,sha256,width,height,nonwhite_pixels_below_250,nonwhite_fraction,content_bbox,touches_image_edge
1,17,1,가군층,evidence/visual-qa-r3/pages-120dpi/page-001.png,143764,9587EB19D773C01FF3734881D3932A81E0431C572E5CDFBBCD5154BBB48E6130,1020,1320,35399,0.02629159,"138,249,882,1183",false
2,17,2,가군층,evidence/visual-qa-r3/pages-120dpi/page-002.png,332508,DC65A148085A5E737356C7176523CF27BB4C5FDC15FB6130D250BBDD0B12B9C0,1020,1320,93185,0.06921049,"138,161,882,1166",false
3,17,3,가군층,evidence/visual-qa-r3/pages-120dpi/page-003.png,375016,502362C1856145578EB0B31DF02207D895E8C3F5B0B7CE24FB8B1D4171DEE632,1020,1320,105133,0.07808452,"138,161,882,1167",false
4,17,4,가군층,evidence/visual-qa-r3/pages-120dpi/page-004.png,327870,CBE2B8858538860B1829F2C1FEA46DAC7C68D7B9118A6F24335E0302DDA50604,1020,1320,91490,0.06795157,"138,161,882,1167",false
5,17,5,가군층,evidence/visual-qa-r3/pages-120dpi/page-005.png,337903,418122E984BEA8449653ECF6C93F4FFDEA385058B7E3C4F545B60FC244EA714E,1020,1320,95225,0.07072564,"138,161,882,1166",false
6,17,6,가군층,evidence/visual-qa-r3/pages-120dpi/page-006.png,324158,12D13962E9F7A4683BBB59F80AE1FF69348BC45B13B9B83A7687FAAEB1534055,1020,1320,91436,0.06791147,"137,161,882,1166",false
7,17,7,가군층,evidence/visual-qa-r3/pages-120dpi/page-007.png,248963,055537E822FEC50FCABC7C901CDE27FB9A096BA6A9A4DAED7FB8988D1875E91D,1020,1320,67420,0.05007427,"138,161,882,1166",false
8,17,8,가군층,evidence/visual-qa-r3/pages-120dpi/page-008.png,366150,AC5102E18F7EC0CEA1F1BE5A40835507AC0559A10AF0958BDEA01BF3F24DBCAF,1020,1320,101848,0.07564468,"138,161,882,1167",false
9,17,9,가군층,evidence/visual-qa-r3/pages-120dpi/page-009.png,277280,4025606CDE804E6A8A56764EF08B4841D0CF6F4126F5EA996BAA957E404A86AC,1020,1320,76496,0.05681521,"138,161,882,1168",false
10,17,10,가군층,evidence/visual-qa-r3/pages-120dpi/page-010.png,339819,7E061A0E8DC08001186EB2CA525E1D7CE1761B0BDA8A89ABEBBBE2765B6CAB4F,1020,1320,94457,0.07015523,"137,161,882,1170",false
11,17,11,가군층,evidence/visual-qa-r3/pages-120dpi/page-011.png,349311,5D6DBAA59F983B77B3173C1194F71EA1C434C727114B8F9D6E79F16D5D13AF66,1020,1320,98182,0.07292187,"138,161,882,1168",false
12,17,12,가군층,evidence/visual-qa-r3/pages-120dpi/page-012.png,308027,4833799A494EECFF1BACACFEAF5141028AF0D5ADABC16E2B0FA5F5D9BD6AFBC6,1020,1320,84114,0.06247326,"138,161,882,1166",false
13,17,13,가군층,evidence/visual-qa-r3/pages-120dpi/page-013.png,337617,596E2834E97049FE79A0966FF4E9C5554355D34CCC4A18C26BF93DBA045C941E,1020,1320,95703,0.07108066,"138,161,882,1166",false
14,17,14,가군층,evidence/visual-qa-r3/pages-120dpi/page-014.png,348476,3AAF6E0371A40AC09614EF769B1B2DAA3E90FDC2C5CB4AE356C0086199E470F8,1020,1320,97435,0.07236705,"138,161,882,1165",false
15,17,15,가군층,evidence/visual-qa-r3/pages-120dpi/page-015.png,333888,998E8232E80B0BA0B5BCC74915954C1546294377B24BAEA439A36621D952545B,1020,1320,92991,0.06906640,"137,161,882,1166",false
16,17,16,가군층,evidence/visual-qa-r3/pages-120dpi/page-016.png,319650,0B133EAEA7B613427B99AEACEF1D0EF59F17DF723DAFDF74B8FD0E544544FE2C,1020,1320,88848,0.06598930,"138,161,882,1167",false
17,17,17,가군층,evidence/visual-qa-r3/pages-120dpi/page-017.png,343919,D138D1BCF6B6BD8509A24BB6ECF9630C2945015EF3D67459E0219D218E1CAF07,1020,1320,96900,0.07196970,"138,161,882,1168",false
18,17,18,가군층,evidence/visual-qa-r3/pages-120dpi/page-018.png,259025,123E9649D10DC291FA6605F92BADF85D89D4272A0CEBD265EE2F6553380409BC,1020,1320,69906,0.05192068,"138,161,882,1166",false
19,17,19,가군층,evidence/visual-qa-r3/pages-120dpi/page-019.png,305941,31C807F97C76AC562F3BD4B996924C5E774179E2661758B1238B2B8432529A63,1020,1320,85867,0.06377525,"138,161,882,1168",false
20,17,20,가군층,evidence/visual-qa-r3/pages-120dpi/page-020.png,292511,DB254644D98773B43EC44237CD0473C92153BFE7ED9B651FCB1A1523DA4C0DA9,1020,1320,80377,0.05969771,"138,161,882,1166",false
21,17,21,가군층,evidence/visual-qa-r3/pages-120dpi/page-021.png,304189,4C294758E3A8C68B49DD8ECE548ACB443C295DBB30929F301041F83E61E2483B,1020,1320,83943,0.06234626,"137,161,882,1169",false
22,17,22,가군층,evidence/visual-qa-r3/pages-120dpi/page-022.png,293499,1068D76C12878660F2EB043E41445D408F58CCF4D30155135A6A9089F106EF98,1020,1320,81801,0.06075535,"138,161,882,1166",false
23,17,23,가군층,evidence/visual-qa-r3/pages-120dpi/page-023.png,318970,ABB79E80C0ADC7D6C52F149477962CF2C0551726BFBFB082E2E61B505BCE7E51,1020,1320,90579,0.06727496,"138,161,882,1166",false
24,17,24,가군층,evidence/visual-qa-r3/pages-120dpi/page-024.png,320637,E4165D5AFAD302EF14BD2C3B72D2945587585F80977DAECB9B13B0C715E2C7AB,1020,1320,89864,0.06674391,"138,161,882,1168",false
25,17,25,가군층,evidence/visual-qa-r3/pages-120dpi/page-025.png,296778,CE29E68DABB3ED04F43F2E9B514BAA5D1CA983E18F8B88D42D7A15E47DBF6F56,1020,1320,81381,0.06044340,"138,161,882,1170",false
26,17,26,가군층,evidence/visual-qa-r3/pages-120dpi/page-026.png,309537,2339D444C27DECD944C6E867F09F77CE2EE49BC342D68E7502DC5179C7141873,1020,1320,87447,0.06494875,"138,161,882,1168",false
27,17,27,가군층,evidence/visual-qa-r3/pages-120dpi/page-027.png,314008,BB6ABFDDCE469CAB59D068B21A2781E9E699E642F3A41088D1EDC68258968085,1020,1320,89090,0.06616904,"138,161,882,1166",false
28,17,28,가군층,evidence/visual-qa-r3/pages-120dpi/page-028.png,261432,A9EB2C936D449568F42FAFADEA6FD42D9DEEC220BC18DEEAEC62B943DE30AE8B,1020,1320,73557,0.05463235,"138,161,882,1169",false
29,17,29,가군층,evidence/visual-qa-r3/pages-120dpi/page-029.png,272797,2190C34C68BC332CF91D67C198EBD8DD70DDBAF70D54406104C719D4BD618249,1020,1320,74719,0.05549540,"138,161,882,1168",false
30,17,30,가군층,evidence/visual-qa-r3/pages-120dpi/page-030.png,297644,758C489162546EB437B055F767F635922F58CE6C88DF59F3EFCA659CF494105A,1020,1320,80538,0.05981729,"138,161,882,1168",false
31,17,31,가군층,evidence/visual-qa-r3/pages-120dpi/page-031.png,329780,3B50E1888E66F360A35C494DD3531C7B8251749A05383A168536D96A5A764B4B,1020,1320,90951,0.06755125,"138,161,882,1168",false
32,17,32,가군층,evidence/visual-qa-r3/pages-120dpi/page-032.png,355188,26767885B50894683797CE1B93E4CCE956BD30DA4B4058B70D15CB18452A5C66,1020,1320,99086,0.07359329,"138,161,882,1169",false
33,17,33,가군층,evidence/visual-qa-r3/pages-120dpi/page-033.png,343686,0DB8C1ABC4C101F4818759003AF334F8DB3C2287D278420061F50553CEC11A71,1020,1320,96957,0.07201203,"138,161,882,1168",false
34,17,34,가군층,evidence/visual-qa-r3/pages-120dpi/page-034.png,282067,65BB3FE8E50FB403776BF61E9285F05A62631EA34E9FC5742F395323C5D8C467,1020,1320,78109,0.05801322,"138,161,882,1168",false
35,17,35,가군층,evidence/visual-qa-r3/pages-120dpi/page-035.png,284842,AA940535FDB081EE848421A5CB30D67FBD45DBF0FDB88B3CF940298DEAB312F0,1020,1320,80114,0.05950238,"138,161,882,1166",false
36,17,36,가군층,evidence/visual-qa-r3/pages-120dpi/page-036.png,301223,FE5B7D180C6B6277F70908A7B174F460BBE848F0621A7E0117537B2C424749F7,1020,1320,86076,0.06393048,"138,161,882,1167",false
37,17,37,가군층,evidence/visual-qa-r3/pages-120dpi/page-037.png,267355,7A9BEABF43A97C4325D593704C37FB039D5AFDDBAE7AA14B2EF51417D9390F69,1020,1320,74996,0.05570113,"137,161,882,1169",false
38,17,38,가군층,evidence/visual-qa-r3/pages-120dpi/page-038.png,218209,67ED143BD156B28AD949429B80B5214593C1783BFFA3C2C1F0B730CE4D8D94DF,1020,1320,58622,0.04353981,"138,161,882,1166",false
39,17,39,가군층,evidence/visual-qa-r3/pages-120dpi/page-039.png,289926,A2858CD7D6448E3A2958D7952D2A11DF6B85E9AAA445B0B559612E9F7C1FFF10,1020,1320,84238,0.06256536,"138,161,882,1169",false
40,17,40,가군층,evidence/visual-qa-r3/pages-120dpi/page-040.png,233002,D52F9280A34C13322D9340D5A3AAED29B84D04C4C762752CF64CD892DD971CFC,1020,1320,63779,0.04737002,"138,161,882,1169",false
41,17,41,가군층,evidence/visual-qa-r3/pages-120dpi/page-041.png,236657,E8DE366B498B0C4AF7F5698593376777F166B19B56C645EA2C57C5770DD63BD4,1020,1320,65074,0.04833185,"138,161,882,1168",false
42,17,42,가군층,evidence/visual-qa-r3/pages-120dpi/page-042.png,210603,36E0DD71698936D05E9E56AC49A6DC60470973B80A9A9D0EDC10CF66E7569C66,1020,1320,56882,0.04224747,"138,161,882,1169",false
43,17,43,가군층,evidence/visual-qa-r3/pages-120dpi/page-043.png,277466,7614FE98326B5D688509881E3379A1197BF2470570D75EBA475BAE4514BC013C,1020,1320,77965,0.05790627,"138,161,882,1168",false
44,17,44,가군층,evidence/visual-qa-r3/pages-120dpi/page-044.png,205207,91441D7905BE7958F238CB14371FF40511C31BCEEF5197159D6D6B0E0EAA829E,1020,1320,55627,0.04131536,"138,161,882,1164",false
45,17,45,가군층,evidence/visual-qa-r3/pages-120dpi/page-045.png,110178,49F9D6AF19022865254566189A2C903690A52EFEAE3F6FEFFBC99E22AAB7DE32,1020,1320,29898,0.02220588,"138,161,882,670",false
46,60,1,크리스탈린 코호몰로지,evidence/visual-qa-r3/pages-120dpi/page-046.png,161820,C70CA16558421B94967BA1E60C09CF2C3A1CC889288434BFA659303060237752,1020,1320,40884,0.03036542,"139,250,882,1183",false
47,60,2,크리스탈린 코호몰로지,evidence/visual-qa-r3/pages-120dpi/page-047.png,382692,F4AF01E0DFB67964385D59EFC66B5BF5A1F3C21B2BB06820ADAEE8FB8B80B6A9,1020,1320,108654,0.08069964,"138,161,882,1166",false
48,60,3,크리스탈린 코호몰로지,evidence/visual-qa-r3/pages-120dpi/page-048.png,315755,DA93B02BF771294FE459F6DB9E839DD5831068CBCBFE695F1D22955CD7B27CBB,1020,1320,88642,0.06583630,"138,161,882,1166",false
49,60,4,크리스탈린 코호몰로지,evidence/visual-qa-r3/pages-120dpi/page-049.png,245230,A0D3F55D8ACBE9FD2EC51F93923C3DA3481AE347B084CF23F4FCD4D0663B0025,1020,1320,69338,0.05149881,"138,161,882,1166",false
50,60,5,크리스탈린 코호몰로지,evidence/visual-qa-r3/pages-120dpi/page-050.png,242787,9674E091E7BBD08D0B2D23B924D2E9A6CD2C845491B72367D96B6304C07BB4C1,1020,1320,68838,0.05112745,"137,161,882,1166",false
51,60,6,크리스탈린 코호몰로지,evidence/visual-qa-r3/pages-120dpi/page-051.png,242708,7A10AA21ABEB8100458A0620D011C901A9F78D3943280B4F49E25B55A0C4BA50,1020,1320,69928,0.05193702,"138,161,882,1168",false
52,60,7,크리스탈린 코호몰로지,evidence/visual-qa-r3/pages-120dpi/page-052.png,202900,67F17A3260D2F67CA68CA8B2FD8A2D1566809BFC7084731B542A0EBB0716776B,1020,1320,55765,0.04141786,"137,161,882,1165",false
53,60,8,크리스탈린 코호몰로지,evidence/visual-qa-r3/pages-120dpi/page-053.png,260844,F35F8721016022576EAB40A6091973C53C210E9F2C0838CC006D38A20F0D611B,1020,1320,71403,0.05303253,"138,161,882,1169",false
54,60,9,크리스탈린 코호몰로지,evidence/visual-qa-r3/pages-120dpi/page-054.png,289762,D23756A1CD7702EB9955779D31037B6B137BC108BE34EDF03269A8A40DACBBAA,1020,1320,79789,0.05926099,"138,161,882,1168",false
55,60,10,크리스탈린 코호몰로지,evidence/visual-qa-r3/pages-120dpi/page-055.png,337336,0F6E27E09BA23912738DB0542FC5BB02CD13CB452A71848352E247FA2392558E,1020,1320,95941,0.07125743,"137,161,882,1169",false
56,60,11,크리스탈린 코호몰로지,evidence/visual-qa-r3/pages-120dpi/page-056.png,285914,98C55B1726BE443CFD9C47F2752CE9B9B2F9F0E84496CA43A480C19B6CD72E35,1020,1320,82486,0.06126411,"138,161,882,1166",false
57,60,12,크리스탈린 코호몰로지,evidence/visual-qa-r3/pages-120dpi/page-057.png,352673,71CF6E065FB89874B8E6EC513025E76AFB5FB96EF7500A7452F7784A392F5009,1020,1320,100595,0.07471405,"138,161,882,1166",false
58,60,13,크리스탈린 코호몰로지,evidence/visual-qa-r3/pages-120dpi/page-058.png,229994,980B66728EE4F645709935B90CAEC83A182312A1A23DC4C865DD1B88E05C250F,1020,1320,65242,0.04845663,"138,161,882,1164",false
59,60,14,크리스탈린 코호몰로지,evidence/visual-qa-r3/pages-120dpi/page-059.png,251252,D77618A7FBF0C63BB536A97594469EDEF208078A06D857EF08CF7FC109BB2165,1020,1320,70157,0.05210710,"138,161,882,1165",false
60,60,15,크리스탈린 코호몰로지,evidence/visual-qa-r3/pages-120dpi/page-060.png,353445,3B4E7C252E396E58515CD1949B95DD47321D67EC42EBE57D8E0BB7281274BCBB,1020,1320,100836,0.07489305,"138,161,882,1166",false
61,60,16,크리스탈린 코호몰로지,evidence/visual-qa-r3/pages-120dpi/page-061.png,239013,2B98669043582E692F59E5FD9C4F6B5E00C12E828F3129EC93235585CF4BBB6B,1020,1320,64566,0.04795455,"138,161,882,1166",false
62,60,17,크리스탈린 코호몰로지,evidence/visual-qa-r3/pages-120dpi/page-062.png,265859,5897B6C769DC0240E3BDF47520F5E159962010C2669FB4A2E5B08BE8DD9A2090,1020,1320,72038,0.05350416,"138,161,882,1167",false
63,60,18,크리스탈린 코호몰로지,evidence/visual-qa-r3/pages-120dpi/page-063.png,253216,A02928497DB1F19D8AEBEBF0C6018EB602F5C1B49CE8938B099F9A639BEAB546,1020,1320,69280,0.05145573,"138,161,882,1167",false
64,60,19,크리스탈린 코호몰로지,evidence/visual-qa-r3/pages-120dpi/page-064.png,298134,1B317FD533E1D977607D77B520C06D5F5CAB5E322BB05E7A6BCBBB43C583ADA5,1020,1320,81954,0.06086898,"138,161,882,1166",false
65,60,20,크리스탈린 코호몰로지,evidence/visual-qa-r3/pages-120dpi/page-065.png,261635,116BDAC30DFDBC19BCC88CE1E8038B22755A3CBC329A382E074EDAA1D5B68662,1020,1320,71584,0.05316696,"138,161,882,1167",false
66,60,21,크리스탈린 코호몰로지,evidence/visual-qa-r3/pages-120dpi/page-066.png,281264,5C7D0C330C25A6FCF7B4CE0E01163F8CD237D89CA495949D1EB1F954B1F7E64A,1020,1320,77611,0.05764335,"138,161,882,1168",false
67,60,22,크리스탈린 코호몰로지,evidence/visual-qa-r3/pages-120dpi/page-067.png,343288,41B5FB3FABF50B7F735FBD301715DCFB909C3CD917072D288154D85B2DEAE6F6,1020,1320,97845,0.07267157,"138,161,882,1169",false
68,60,23,크리스탈린 코호몰로지,evidence/visual-qa-r3/pages-120dpi/page-068.png,274930,A758DC4C165F453E16A9EF35B58B8EE733F8520A0309B2C2716D1C75516662CD,1020,1320,74051,0.05499926,"138,161,882,1169",false
69,60,24,크리스탈린 코호몰로지,evidence/visual-qa-r3/pages-120dpi/page-069.png,248126,67D8C7ED2B80EE872A99EC37C8C06F7E3360230F8A5556DDEE914F71E742412B,1020,1320,68249,0.05068999,"138,161,882,1161",false
70,60,25,크리스탈린 코호몰로지,evidence/visual-qa-r3/pages-120dpi/page-070.png,245912,698B6C6F0749A776FF4B5D66C35E68F52F0B6346CA4B5B795C82F1DA68252855,1020,1320,68125,0.05059789,"138,161,882,1168",false
71,60,26,크리스탈린 코호몰로지,evidence/visual-qa-r3/pages-120dpi/page-071.png,298066,8CF061AC841C6FF74163E36BE9AE38B44D96E7D89A9B9EF40F88F8637449D9BC,1020,1320,86687,0.06438428,"138,161,882,1168",false
72,60,27,크리스탈린 코호몰로지,evidence/visual-qa-r3/pages-120dpi/page-072.png,201316,35563D02EE5446B499411CA50E77403916091F03AFBE6DC5877197A502476242,1020,1320,53254,0.03955288,"138,161,882,1168",false
73,60,28,크리스탈린 코호몰로지,evidence/visual-qa-r3/pages-120dpi/page-073.png,258949,E4F2EF1821A790040C3D41C0E3A55C470251C323F63BADF27DF3AC2750A52A2E,1020,1320,72313,0.05370841,"138,161,882,1168",false
74,60,29,크리스탈린 코호몰로지,evidence/visual-qa-r3/pages-120dpi/page-074.png,284049,E43493BB727C217FF61D0CA3F26D2965BFB74507E31D8B51F82FC6CBE431484B,1020,1320,77905,0.05786171,"138,161,882,1169",false
75,60,30,크리스탈린 코호몰로지,evidence/visual-qa-r3/pages-120dpi/page-075.png,273779,22BE8CEAD1AB8E87A14518A461AE97AE379EE5FFD8678F628000331227695ACB,1020,1320,75045,0.05573752,"138,161,882,1168",false
76,60,31,크리스탈린 코호몰로지,evidence/visual-qa-r3/pages-120dpi/page-076.png,329830,926979C1432872840715AC85286CAC6065C9F837E1CD87D34C07DB8F3C0FC706,1020,1320,92621,0.06879159,"138,161,882,1167",false
77,60,32,크리스탈린 코호몰로지,evidence/visual-qa-r3/pages-120dpi/page-077.png,361763,ED7051D371F8024CADC5BF682FF45FE8BECADC60729859107FB6FBC709871F1A,1020,1320,102697,0.07627525,"138,161,882,1166",false
78,60,33,크리스탈린 코호몰로지,evidence/visual-qa-r3/pages-120dpi/page-078.png,351689,E5221801FCD57A34C0E07180611E01FCA6C383ADBA2D47C9DD9ED0C95F79083D,1020,1320,100550,0.07468063,"138,161,882,1167",false
79,60,34,크리스탈린 코호몰로지,evidence/visual-qa-r3/pages-120dpi/page-079.png,293542,E5B80632B8AC4536CA4F0FB5116917D729C2481969A507620962A4FE93959B3C,1020,1320,82087,0.06096777,"137,161,882,1168",false
80,60,35,크리스탈린 코호몰로지,evidence/visual-qa-r3/pages-120dpi/page-080.png,257506,03B57C489FD54494D46A05B5ACD712DEADED5CD40CE082C93BCC1CEE7DA7A140,1020,1320,72681,0.05398173,"138,161,882,1168",false
81,60,36,크리스탈린 코호몰로지,evidence/visual-qa-r3/pages-120dpi/page-081.png,280685,BDDFAD7B897D12891D58B5998C1E11AF4C84FCAF363C6B482F804D4D6A3EDB6B,1020,1320,77413,0.05749629,"138,161,882,1168",false
82,60,37,크리스탈린 코호몰로지,evidence/visual-qa-r3/pages-120dpi/page-082.png,316492,9B782556A50D13BE2D672C9581EEFC48E299EA1EFA2A0A56103E3DC88B9C8FA6,1020,1320,88874,0.06600862,"138,161,882,1170",false
83,60,38,크리스탈린 코호몰로지,evidence/visual-qa-r3/pages-120dpi/page-083.png,330576,4D9E3ABE9E23474A8AEDBB0408ECD0CBBB5D3D1CECDCAEC54F6E1EB0C667B801,1020,1320,93577,0.06950163,"138,161,882,1166",false
84,60,39,크리스탈린 코호몰로지,evidence/visual-qa-r3/pages-120dpi/page-084.png,265394,D973DE05B659FB6F3307C5350252EB0D76B894268CF9C2E849380D5E67D87254,1020,1320,75186,0.05584225,"138,161,882,1168",false
85,60,40,크리스탈린 코호몰로지,evidence/visual-qa-r3/pages-120dpi/page-085.png,297052,A8B3BE830F398FE9D3EE0AF3A685D5B2FBDD96E78F5D542B7E72F5C4E2FDB490,1020,1320,81178,0.06029263,"137,161,882,1170",false
86,60,41,크리스탈린 코호몰로지,evidence/visual-qa-r3/pages-120dpi/page-086.png,315404,5565B15D55BFE3E9539DFCFC2379B787D63D9209078254955BB73BD153833037,1020,1320,87101,0.06469177,"138,161,882,1166",false
87,60,42,크리스탈린 코호몰로지,evidence/visual-qa-r3/pages-120dpi/page-087.png,323480,4426D4106C555B45308E3B28F054699E2113C3303D2465C8032D301159A24409,1020,1320,91103,0.06766414,"138,161,882,1165",false
88,60,43,크리스탈린 코호몰로지,evidence/visual-qa-r3/pages-120dpi/page-088.png,427077,A5E53411FC1996FAAA778ECDBBE204F60C698A994426CDED09CD2D87630181CD,1020,1320,122862,0.09125223,"138,161,882,1168",false
89,60,44,크리스탈린 코호몰로지,evidence/visual-qa-r3/pages-120dpi/page-089.png,341496,87CB3E22A7390254911551CBFBCAFDE25B007D3C286904F6CF4E9688CBECCA1B,1020,1320,94299,0.07003788,"138,161,882,1168",false
90,60,45,크리스탈린 코호몰로지,evidence/visual-qa-r3/pages-120dpi/page-090.png,339211,A5B56890491E1B45F5F9B397BB61C87F3F34A997344318AB2BAC73BB70A277B1,1020,1320,94328,0.07005942,"138,161,882,1169",false
91,60,46,크리스탈린 코호몰로지,evidence/visual-qa-r3/pages-120dpi/page-091.png,343708,11A2C47377CFF6588A7FD67D82793E497CE6CD0FAB71BA41C7196F9013FAE4D8,1020,1320,96570,0.07172460,"138,161,882,1166",false
92,60,47,크리스탈린 코호몰로지,evidence/visual-qa-r3/pages-120dpi/page-092.png,276369,8E9561973E468891CDF89A67F33706D82F54C29304A805A9B4ADE4D53E5D9ED0,1020,1320,76377,0.05672683,"138,161,882,1165",false
93,60,48,크리스탈린 코호몰로지,evidence/visual-qa-r3/pages-120dpi/page-093.png,253259,4E439618889EF5BDFF609025937D4F097BFC2BE9B4DE9D78FBB1AE5E9881902E,1020,1320,71727,0.05327317,"138,161,882,1168",false
94,60,49,크리스탈린 코호몰로지,evidence/visual-qa-r3/pages-120dpi/page-094.png,265006,B9D3BFED584989C98D0B0D095A86D0EB429FDB0328C683DEBA1B1C7FCE3C280D,1020,1320,74795,0.05555184,"137,161,882,1167",false
95,60,50,크리스탈린 코호몰로지,evidence/visual-qa-r3/pages-120dpi/page-095.png,289419,1C720DB6E8749B9B477AAADA8D0DB6D7D021696AD0AADD653850F7E268B3BA0A,1020,1320,80860,0.06005645,"138,161,882,1169",false
96,60,51,크리스탈린 코호몰로지,evidence/visual-qa-r3/pages-120dpi/page-096.png,287599,4E995F163E0121441FCADB5A54919B9A66FCA60F1275631AADDCF45B60762441,1020,1320,79217,0.05883616,"137,161,882,1168",false
97,60,52,크리스탈린 코호몰로지,evidence/visual-qa-r3/pages-120dpi/page-097.png,293193,3B16630C6E601762BF85C5979E6B462298D4745517C7725E1C58538C74F94D19,1020,1320,84077,0.06244578,"137,161,882,1160",false
98,61,1,프로에탈 코호몰로지,evidence/visual-qa-r3/pages-120dpi/page-098.png,168554,3CEA67EE4E50F1268D825BEBC247FEB94C1DC7AAB9081701568C3A090D020724,1020,1320,41858,0.03108883,"138,250,882,1183",false
99,61,2,프로에탈 코호몰로지,evidence/visual-qa-r3/pages-120dpi/page-099.png,388277,B60CBAC50A9CDCEA0CF0DCFA67B9FD4BE7E439E1417F34A9A69E210F433CD1A7,1020,1320,111902,0.08311200,"138,161,882,1167",false
100,61,3,프로에탈 코호몰로지,evidence/visual-qa-r3/pages-120dpi/page-100.png,385750,13D165CC4385F9C81F378E34BB257F70F630A7853D6F2F2D786762B40616639D,1020,1320,111338,0.08269311,"138,161,882,1168",false
101,61,4,프로에탈 코호몰로지,evidence/visual-qa-r3/pages-120dpi/page-101.png,271643,0CC440CBA03A930895F24D3009A05B3B5D7437B804DF94284BB1E2705264FD7A,1020,1320,73988,0.05495247,"138,161,882,1166",false
102,61,5,프로에탈 코호몰로지,evidence/visual-qa-r3/pages-120dpi/page-102.png,215009,88928EC94E6F20D1502579C033054DE7AE022619646CAFC4C1546F59F90D3C28,1020,1320,59331,0.04406640,"138,161,882,1166",false
103,61,6,프로에탈 코호몰로지,evidence/visual-qa-r3/pages-120dpi/page-103.png,348936,E9F1949E447FBA44476E944974FF01E5B0905459603C591442EE2786FC4D165C,1020,1320,97709,0.07257056,"138,161,882,1169",false
104,61,7,프로에탈 코호몰로지,evidence/visual-qa-r3/pages-120dpi/page-104.png,327696,69545AC5B3B6CB30BDDF05E595F6CE7A40A30A8C4A25E2AAE5CCC834CFFF8F43,1020,1320,92658,0.06881907,"138,161,882,1168",false
105,61,8,프로에탈 코호몰로지,evidence/visual-qa-r3/pages-120dpi/page-105.png,386324,1A68A8236E09829D3C5F71EBDFC25A0BD25DD169CE1E3D140841D5CA9067164E,1020,1320,108872,0.08086156,"138,161,882,1168",false
106,61,9,프로에탈 코호몰로지,evidence/visual-qa-r3/pages-120dpi/page-106.png,347929,4D8162456ACC457CC78712B52FE6C67EF6D40A34B433B4F562DAE53A2D3CA6EB,1020,1320,98234,0.07296049,"138,161,882,1141",false
107,61,10,프로에탈 코호몰로지,evidence/visual-qa-r3/pages-120dpi/page-107.png,290423,4C61DADBEA0296D6B97B93F52D65023AE03A228AF367E8E669339893757A7800,1020,1320,81811,0.06076277,"138,161,882,1168",false
108,61,11,프로에탈 코호몰로지,evidence/visual-qa-r3/pages-120dpi/page-108.png,348293,A852861E611DD03DEF8096BE06713D88E5AFFF25AF71969D43D55F05C0153FBF,1020,1320,97710,0.07257130,"138,161,882,1168",false
109,61,12,프로에탈 코호몰로지,evidence/visual-qa-r3/pages-120dpi/page-109.png,329871,DD4A45A70B01A30049BC51A6A9692259EF3181265CEB3F5AD6661B28DED378FA,1020,1320,95501,0.07093063,"138,161,882,1166",false
110,61,13,프로에탈 코호몰로지,evidence/visual-qa-r3/pages-120dpi/page-110.png,291737,D50F1E578543059FB1100AFAA80B09A346823C2883D38A3FBD3CAC0057A2E2B8,1020,1320,83354,0.06190879,"138,161,882,1167",false
111,61,14,프로에탈 코호몰로지,evidence/visual-qa-r3/pages-120dpi/page-111.png,308123,81E9C8A0FFC4955F82868863B62AAF9CB7E55CA3A453ECAC4A4D18799D5BA4D2,1020,1320,88190,0.06550059,"138,161,882,1166",false
112,61,15,프로에탈 코호몰로지,evidence/visual-qa-r3/pages-120dpi/page-112.png,380271,6D35728B336A41B84060B82556F009D8054E26B9019217D4E37E15371F10CE5A,1020,1320,109623,0.08141934,"138,161,882,1165",false
113,61,16,프로에탈 코호몰로지,evidence/visual-qa-r3/pages-120dpi/page-113.png,371182,C7E35D2867168AFBF8BC8C666FABC5CC3FFE06FB25456CBA5E0C2CB013D2E41F,1020,1320,104579,0.07767305,"138,161,882,1167",false
114,61,17,프로에탈 코호몰로지,evidence/visual-qa-r3/pages-120dpi/page-114.png,345891,87FFBC21A5980B11C3D0BFF4A010701D06F05C43E333A200A13992A3ABCEB919,1020,1320,97375,0.07232249,"137,161,882,1167",false
115,61,18,프로에탈 코호몰로지,evidence/visual-qa-r3/pages-120dpi/page-115.png,357499,53578B7435E67F223BDB51D84425C50FE61236F8828D71F5CF2D8A69934CFD76,1020,1320,102706,0.07628194,"138,161,882,1166",false
116,61,19,프로에탈 코호몰로지,evidence/visual-qa-r3/pages-120dpi/page-116.png,345187,752F626BBB628F584D71B7929E6096FA4AAF12C37B712CCC5C7B57D529432703,1020,1320,96719,0.07183526,"138,161,882,1168",false
117,61,20,프로에탈 코호몰로지,evidence/visual-qa-r3/pages-120dpi/page-117.png,354439,6C61ECD0B0E7758467F3BA7445F1876C2C2007644E7ECAD1204D1BDA530AA2D4,1020,1320,102743,0.07630942,"138,161,882,1168",false
118,61,21,프로에탈 코호몰로지,evidence/visual-qa-r3/pages-120dpi/page-118.png,344099,3030115E1C45759E06AB54006B866E8EEDF69C2D175B73A5DF3441AAB6DD3526,1020,1320,97163,0.07216503,"138,161,882,1165",false
119,61,22,프로에탈 코호몰로지,evidence/visual-qa-r3/pages-120dpi/page-119.png,328407,8379175B80BBDC0894FB93DC20451AE31A0CC7DEC9B46CDF4A171112C0739D3E,1020,1320,90953,0.06755273,"138,161,882,1168",false
120,61,23,프로에탈 코호몰로지,evidence/visual-qa-r3/pages-120dpi/page-120.png,393423,83DE20140B62E267C5982926550D4E908F6FFBD9C1C7FD8E0B96D0FCAE43DB99,1020,1320,112318,0.08342097,"138,161,883,1166",false
121,61,24,프로에탈 코호몰로지,evidence/visual-qa-r3/pages-120dpi/page-121.png,338151,FA9C635512E8179E06E0687D354BAF00CC7FCF7CE2E7E124C6393E9B6A6D6144,1020,1320,92872,0.06897802,"138,161,882,1166",false
122,61,25,프로에탈 코호몰로지,evidence/visual-qa-r3/pages-120dpi/page-122.png,264739,B567D844981DE4691B419317F82AFD8BF749679526A8DB80739E3B1CCCEED3CE,1020,1320,72012,0.05348485,"138,161,882,1170",false
123,61,26,프로에탈 코호몰로지,evidence/visual-qa-r3/pages-120dpi/page-123.png,346333,6C16DAC7A1317F024822A22D3A5B7E8AA909DA2CBD2FE6AC00DF6A4BEC21819C,1020,1320,95232,0.07073084,"138,161,882,1167",false
124,61,27,프로에탈 코호몰로지,evidence/visual-qa-r3/pages-120dpi/page-124.png,442046,F2DAE4F6EC3C38B5A4FC8862B89FF5BB8A91F11F37C66B6C73992185C3A0F917,1020,1320,125404,0.09314023,"138,161,882,1166",false
125,61,28,프로에탈 코호몰로지,evidence/visual-qa-r3/pages-120dpi/page-125.png,441689,5D423C7DC50B8E89C683D431AA1E314A0732E41EC128DAF0C70BB70968B1D5B2,1020,1320,126366,0.09385472,"138,161,882,1168",false
126,61,29,프로에탈 코호몰로지,evidence/visual-qa-r3/pages-120dpi/page-126.png,315334,1E6680037D5BF68D5790B142C6A0049C3FF04F5DC9F6D3BA1309E1F3CCED753D,1020,1320,89628,0.06656863,"138,161,882,1166",false
127,61,30,프로에탈 코호몰로지,evidence/visual-qa-r3/pages-120dpi/page-127.png,382399,973818DEE26700FE68935A2EBF6ED4CA0678B1A0F0429AEE0385D96E461E7FA4,1020,1320,107718,0.08000446,"138,161,882,1168",false
128,61,31,프로에탈 코호몰로지,evidence/visual-qa-r3/pages-120dpi/page-128.png,355009,7A1A4B45E31ABB3C76B1F15EDDA81CAB58B2B992316FC675BB4E69A648011292,1020,1320,101008,0.07502080,"138,161,882,1166",false
129,61,32,프로에탈 코호몰로지,evidence/visual-qa-r3/pages-120dpi/page-129.png,289494,AD65651A6213B22269240B09E00451BFD28F8CA00438C45A3F11ACEC2E57FDA4,1020,1320,79398,0.05897059,"138,161,882,1170",false
130,61,33,프로에탈 코호몰로지,evidence/visual-qa-r3/pages-120dpi/page-130.png,276867,7BA6C54956296B4955C4723ED8C4B1704C44B09DA87FE23A02D2D860E633B2E1,1020,1320,76934,0.05714052,"138,161,882,1168",false
131,61,34,프로에탈 코호몰로지,evidence/visual-qa-r3/pages-120dpi/page-131.png,341085,83980D92D7745B635D75AFE907A94C11E448C1EF3397A113319FB401AB7429B9,1020,1320,97288,0.07225787,"138,161,882,1168",false
132,61,35,프로에탈 코호몰로지,evidence/visual-qa-r3/pages-120dpi/page-132.png,293881,4E13F3F8F01E482F3DFB59E636F39D8F27D3DF9553C85A766118B7D8CE2F52C0,1020,1320,82799,0.06149658,"138,161,882,1165",false
133,61,36,프로에탈 코호몰로지,evidence/visual-qa-r3/pages-120dpi/page-133.png,373772,F072B461F324617842FEFBF7D431B42B67D5CF03886BD4D62CA53093032232A0,1020,1320,107389,0.07976010,"137,161,882,1166",false
134,61,37,프로에탈 코호몰로지,evidence/visual-qa-r3/pages-120dpi/page-134.png,282288,BF5E342C0B5C6C732754397BED1A126BF746D3C24004AE81627245B89CAB0AD9,1020,1320,78361,0.05820039,"138,161,882,1165",false
135,61,38,프로에탈 코호몰로지,evidence/visual-qa-r3/pages-120dpi/page-135.png,334298,2FBADB9EECD04EAB46C42BFB1BC43DE324DED8617EA4A843748B2F7A864DBD80,1020,1320,93690,0.06958556,"138,161,882,1166",false
136,61,39,프로에탈 코호몰로지,evidence/visual-qa-r3/pages-120dpi/page-136.png,288178,5234EFBCD377AFAC82FE72FD5489DD18548A19C881D1F5BF05BAB452D2748EF6,1020,1320,79921,0.05935903,"138,161,883,1169",false
137,61,40,프로에탈 코호몰로지,evidence/visual-qa-r3/pages-120dpi/page-137.png,332687,6528DCB016660FFAF948B735C9DA55A4AEC622D467C96347E12792B54F019161,1020,1320,95605,0.07100787,"138,161,882,1168",false
138,61,41,프로에탈 코호몰로지,evidence/visual-qa-r3/pages-120dpi/page-138.png,298516,C511933BED74B318A0D7A68CE432932D975D80FD4FB3F6DE6741C6AD7E88638A,1020,1320,83267,0.06184418,"138,161,882,1168",false
139,61,42,프로에탈 코호몰로지,evidence/visual-qa-r3/pages-120dpi/page-139.png,287232,DEE24B3B7982F9125AF2AA2F9D606C1EDD8BB9B6B36F1E123D89C64A0258E907,1020,1320,78860,0.05857100,"138,161,882,1166",false
140,61,43,프로에탈 코호몰로지,evidence/visual-qa-r3/pages-120dpi/page-140.png,341584,48B7004009561F826F092295179A4A41D7D665FC1CD0AD0C759667616CA87101,1020,1320,94609,0.07026812,"138,161,882,1168",false
141,61,44,프로에탈 코호몰로지,evidence/visual-qa-r3/pages-120dpi/page-141.png,372366,4EF64C777AAF7B1239D1F3BFC7C18387270C57CBBD2EC4D9DFB2F9E74412CBC0,1020,1320,106395,0.07902184,"138,161,882,1166",false
142,61,45,프로에탈 코호몰로지,evidence/visual-qa-r3/pages-120dpi/page-142.png,373805,896EA2B60CD6D95FC2DB7750268361F29056636CD5EA86D4F1512CF158777730,1020,1320,104989,0.07797757,"138,161,882,1166",false
143,61,46,프로에탈 코호몰로지,evidence/visual-qa-r3/pages-120dpi/page-143.png,347740,7865F934A150910B1FF4A02F8DD7A31055445A35E65720C97A13275785A4730E,1020,1320,97176,0.07217469,"138,161,882,1168",false
144,61,47,프로에탈 코호몰로지,evidence/visual-qa-r3/pages-120dpi/page-144.png,325081,57F1706250DE2D7C4DF246F8DCA669EB01492245D14C7BA4E64519051316CC0E,1020,1320,93760,0.06963755,"137,161,882,1167",false
145,61,48,프로에탈 코호몰로지,evidence/visual-qa-r3/pages-120dpi/page-145.png,302329,C2971730C966C1DBBB5A073EDC79F3F3AE51BED81AE1AC4A3BF122C27F2E2AAD,1020,1320,87199,0.06476456,"138,161,882,1166",false
146,61,49,프로에탈 코호몰로지,evidence/visual-qa-r3/pages-120dpi/page-146.png,297116,0D9F320008D82C6E6F434DC0548EDB24F245DC6B4ABB5BC4566959F7E9B2AB1E,1020,1320,84359,0.06265523,"138,161,882,1165",false
147,61,50,프로에탈 코호몰로지,evidence/visual-qa-r3/pages-120dpi/page-147.png,337177,C9DD33FF5D2028AB7D6EF765E8F6B417FA3717B5C19A021C1A534626217F8AC0,1020,1320,95906,0.07123143,"138,161,882,1166",false
148,61,51,프로에탈 코호몰로지,evidence/visual-qa-r3/pages-120dpi/page-148.png,335985,10645D16A0054687248E3D2FA3974D3B97099C2559F19E5AFFBD213DD9B07BE2,1020,1320,94928,0.07050505,"138,161,882,1168",false
149,61,52,프로에탈 코호몰로지,evidence/visual-qa-r3/pages-120dpi/page-149.png,368213,A9DA8ABE344F5CE08CCC748F8DBD8A4023BBC813EFDE8D025D2E1CF90EA0283F,1020,1320,103712,0.07702911,"138,161,883,1167",false
150,61,53,프로에탈 코호몰로지,evidence/visual-qa-r3/pages-120dpi/page-150.png,320400,1DEE0CE116D24D1FA34DB26FFEE3974014800AAC737B32907BAC685CEB92A9F2,1020,1320,88338,0.06561052,"138,161,882,1165",false
151,61,54,프로에탈 코호몰로지,evidence/visual-qa-r3/pages-120dpi/page-151.png,318643,1215D9F346C36C15FE04DE1CE6C457DD321651A2D9D253E40926DAA95D86661E,1020,1320,91580,0.06801842,"138,161,882,1169",false
152,61,55,프로에탈 코호몰로지,evidence/visual-qa-r3/pages-120dpi/page-152.png,283094,727BB132FC5AF0DFB5072D2BAD5B6F9E31E72C28AF80DAEA6FCDF34900905B3F,1020,1320,80399,0.05971405,"138,161,882,1167",false
153,61,56,프로에탈 코호몰로지,evidence/visual-qa-r3/pages-120dpi/page-153.png,345775,11433A4FBC2A9A0902B980C848EFF0FDDEA8559A86D0633380ECE0F5A77B94A9,1020,1320,98680,0.07329174,"138,161,882,1170",false
154,61,57,프로에탈 코호몰로지,evidence/visual-qa-r3/pages-120dpi/page-154.png,241668,38E1A36C87AC758D74B9A9B631F7F873AF460485C11B5FF7B8930E6F7918C8E2,1020,1320,70449,0.05232398,"138,161,887,891",false
155,62,1,상대 사이클,evidence/visual-qa-r3/pages-120dpi/page-155.png,203003,B112F93CA00B2D3D8A4C11DE853F56F001156AC0ED64C87C9CA0E45DD049B8B3,1020,1320,54125,0.04019979,"138,250,882,1183",false
156,62,2,상대 사이클,evidence/visual-qa-r3/pages-120dpi/page-156.png,385414,17B1B7807C055BB45817E8ADB10504A71B90EB114EF92B54436C907F2414D80C,1020,1320,110407,0.08200163,"138,161,882,1167",false
157,62,3,상대 사이클,evidence/visual-qa-r3/pages-120dpi/page-157.png,301336,D07A815FABAD0B0F85C043D580E7019D0A7073690408DE7E113DD36F7F4B866E,1020,1320,84615,0.06284537,"138,161,882,1168",false
158,62,4,상대 사이클,evidence/visual-qa-r3/pages-120dpi/page-158.png,255138,1B4EA6E9B23E3ABFEEF3079E0F9CD8CD35DFCE5D7DD843F7D0473E7C01E331DA,1020,1320,70933,0.05268345,"138,161,882,1166",false
159,62,5,상대 사이클,evidence/visual-qa-r3/pages-120dpi/page-159.png,277596,F767EBBFB0BABCBAD15B0126D391B40C696B841A5AF3A5FB17CB37F800097A28,1020,1320,77697,0.05770722,"138,161,882,1166",false
160,62,6,상대 사이클,evidence/visual-qa-r3/pages-120dpi/page-160.png,346980,ACA29B399C3754493A63F030A38D837CA7DD132701B28540B2A7ACDB543CA913,1020,1320,96622,0.07176322,"138,161,882,1166",false
161,62,7,상대 사이클,evidence/visual-qa-r3/pages-120dpi/page-161.png,288236,A462CEF2BD3A2F2681B13BC8D0C844601059BD6B537913FAAE5EFDC2831F6E5C,1020,1320,81336,0.06040998,"138,161,882,1165",false
162,62,8,상대 사이클,evidence/visual-qa-r3/pages-120dpi/page-162.png,398354,66F81271A3E1BBA6B809446FC7D8B80B7CFBA9AC859AAC26A21AC823F4E41F22,1020,1320,112544,0.08358883,"138,161,882,1168",false
163,62,9,상대 사이클,evidence/visual-qa-r3/pages-120dpi/page-163.png,399083,908A77288966697237AED6F66276F2913608E6B645833EEED061E9488960F6B6,1020,1320,114210,0.08482620,"138,161,883,1168",false
164,62,10,상대 사이클,evidence/visual-qa-r3/pages-120dpi/page-164.png,419505,286EE2DAF111AC10F0F65C0DA1655F31C0D93889A20A505BB872EDF18153E6E8,1020,1320,120054,0.08916667,"138,161,882,1166",false
165,62,11,상대 사이클,evidence/visual-qa-r3/pages-120dpi/page-165.png,339584,CBEA964705A8616AE7587693EE8EB5FB12497C2C27430DD137455AFA8CB247D7,1020,1320,96436,0.07162507,"138,161,882,1166",false
166,62,12,상대 사이클,evidence/visual-qa-r3/pages-120dpi/page-166.png,382802,5C4B476AA43FECDEDF90D75C82CE0AC84F84E422CEE70CED39014CD673B88C4E,1020,1320,110385,0.08198529,"138,161,882,1166",false
167,62,13,상대 사이클,evidence/visual-qa-r3/pages-120dpi/page-167.png,388679,580629B78ADE280623E0794F1EAEC6CA31837476552A4F730939D993996AFE34,1020,1320,109486,0.08131759,"138,161,882,1166",false
168,62,14,상대 사이클,evidence/visual-qa-r3/pages-120dpi/page-168.png,266714,700F70BEAA388AA570F69D116385335E3C346F4791BB276E2094B561235FB5C5,1020,1320,75162,0.05582442,"138,161,882,1166",false
169,62,15,상대 사이클,evidence/visual-qa-r3/pages-120dpi/page-169.png,362585,D01651629F5E202D13F85CEDA5474EEA477D467B34944E14F52A98B80E5E08EA,1020,1320,102676,0.07625966,"138,161,882,1165",false
170,62,16,상대 사이클,evidence/visual-qa-r3/pages-120dpi/page-170.png,390139,A7EBB28A52EE1AE57CC40ABD08925146B467E391883BEB0A3C0FA11FF70AA103,1020,1320,110066,0.08174837,"138,161,882,1168",false
171,62,17,상대 사이클,evidence/visual-qa-r3/pages-120dpi/page-171.png,400946,56E54DBC9DB423FBA8760CFB73A747BC7723BB0EEAA076D63649ABDB32120DBB,1020,1320,112728,0.08372549,"138,161,882,1168",false
172,62,18,상대 사이클,evidence/visual-qa-r3/pages-120dpi/page-172.png,346794,6802F9530453113D302435DA12901CD5D6A3CDEE062EA7FF20B33D7DBEEEE1FB,1020,1320,98235,0.07296123,"138,161,882,1168",false
173,62,19,상대 사이클,evidence/visual-qa-r3/pages-120dpi/page-173.png,310015,00FA8A631ACA61F1910723D17849184A296CFD82160941E122334CDA59629BD5,1020,1320,88122,0.06545009,"138,161,882,1168",false
174,62,20,상대 사이클,evidence/visual-qa-r3/pages-120dpi/page-174.png,340430,3146B88646B5510EBA35973C98E69561D8B6131013790508482CCE3AD6ED8136,1020,1320,95220,0.07072193,"138,161,882,1168",false
175,62,21,상대 사이클,evidence/visual-qa-r3/pages-120dpi/page-175.png,313695,377B32BB6EA3FC2124A76E78DA71D891C696403E43C90B2FF0ACA0369F4D62D1,1020,1320,90067,0.06689468,"138,161,882,1166",false
176,62,22,상대 사이클,evidence/visual-qa-r3/pages-120dpi/page-176.png,228250,683C5A99B688D463F780B45BDC1AC1C7A281F47B6314D5EA8D6A6C94810A2882,1020,1320,62259,0.04624109,"138,161,882,1168",false
177,62,23,상대 사이클,evidence/visual-qa-r3/pages-120dpi/page-177.png,323222,90591E2C0501106771E02D38FAAAA9C7547E6F507DAD0CFF24BB27427C25A75A,1020,1320,90391,0.06713532,"138,161,882,1168",false
178,62,24,상대 사이클,evidence/visual-qa-r3/pages-120dpi/page-178.png,294378,990A0B384801C35689C8328180B7BC007D8812C5B19AB61FE91274E23B90AB62,1020,1320,82074,0.06095811,"138,161,882,1167",false
179,62,25,상대 사이클,evidence/visual-qa-r3/pages-120dpi/page-179.png,285425,C9CD408E04462B73A1DEF317609DAC51B3B9D19B759A808AFED63A40BD9DF311,1020,1320,78625,0.05839646,"138,161,882,1168",false
180,62,26,상대 사이클,evidence/visual-qa-r3/pages-120dpi/page-180.png,345857,06E5F9D43EDFF94964DB84261840A3085CED5CAA5B7E87739D70E43EB37589DF,1020,1320,97391,0.07233437,"138,161,882,1168",false
181,62,27,상대 사이클,evidence/visual-qa-r3/pages-120dpi/page-181.png,315081,C15DD251BE79C2BD3A03D942FFB80B2E68FB9D65C7ACE84FD20520D5A9B0FBD2,1020,1320,86602,0.06432115,"138,161,882,1168",false
182,62,28,상대 사이클,evidence/visual-qa-r3/pages-120dpi/page-182.png,254310,64B4AE4A65DFD2F8398DAAB0A1FB18AECC203DEDA4B4361651236209FEA05206,1020,1320,76611,0.05690062,"138,161,883,789",false
183,63,1,에탈 코호몰로지 심화,evidence/visual-qa-r3/pages-120dpi/page-183.png,203108,9474B932EC69A3911F4F42404999D1AF10516B5431687D12B395126B3589B80D,1020,1320,54744,0.04065954,"138,250,882,1183",false
184,63,2,에탈 코호몰로지 심화,evidence/visual-qa-r3/pages-120dpi/page-184.png,284735,9A0A164444664267A49AF075AC4E1EC5752CB929BABB4F68CB7A0AEDBF87B1A0,1020,1320,78836,0.05855318,"138,161,882,1165",false
185,63,3,에탈 코호몰로지 심화,evidence/visual-qa-r3/pages-120dpi/page-185.png,375506,637CE66EC1A6AE2CECB4F6245FA0D24CC91F9216B83DADF38F70CEFBBF48483A,1020,1320,109074,0.08101159,"138,161,882,1165",false
186,63,4,에탈 코호몰로지 심화,evidence/visual-qa-r3/pages-120dpi/page-186.png,310422,D26A1B88BE781FB68A3381487CB076A6CB9AF542A6F4F7D2CF0D9B732EFE1806,1020,1320,86818,0.06448158,"138,161,882,1166",false
187,63,5,에탈 코호몰로지 심화,evidence/visual-qa-r3/pages-120dpi/page-187.png,361251,41DAEC25E07B2A045ACE34BE33A7E5A04832C75E6D06F222C2C783B45F46FA31,1020,1320,101320,0.07525253,"138,161,882,1167",false
188,63,6,에탈 코호몰로지 심화,evidence/visual-qa-r3/pages-120dpi/page-188.png,249342,A59CCB3EE88BEBFD7DC9E57332C4053ECC1514F5C2E7DF74F414E0D7B33B8DE1,1020,1320,70584,0.05242424,"138,161,882,1168",false
189,63,7,에탈 코호몰로지 심화,evidence/visual-qa-r3/pages-120dpi/page-189.png,263451,A6BD7F987AAEB418CC408EAEB3DBDA43B7AEF58BAB5E541F97F1F945BA32F1FB,1020,1320,74984,0.05569222,"138,161,882,1166",false
190,63,8,에탈 코호몰로지 심화,evidence/visual-qa-r3/pages-120dpi/page-190.png,296904,C56A235C250D7D4D285634996264196A342BCCC3168836A5A2B4A478D0F970BD,1020,1320,82674,0.06140374,"138,161,882,1166",false
191,63,9,에탈 코호몰로지 심화,evidence/visual-qa-r3/pages-120dpi/page-191.png,359678,3E9F3F883EC98FCBEFCE77B0BE9F1CFFAEFFC9E5DCCDDF036907033B8AE70CA3,1020,1320,99754,0.07408942,"138,161,882,1170",false
192,63,10,에탈 코호몰로지 심화,evidence/visual-qa-r3/pages-120dpi/page-192.png,363762,74EC9B0789374CB0A76E66A6C2A9E4D6F832120B3F5D2B581F6A4412E77696C2,1020,1320,104839,0.07786616,"138,161,895,1166",false
193,63,11,에탈 코호몰로지 심화,evidence/visual-qa-r3/pages-120dpi/page-193.png,287385,309359E6CBD8A67A46D6B9B14F3E2FC41097925EEDDAC6E783964417B52F958C,1020,1320,78820,0.05854130,"138,161,882,1168",false
194,63,12,에탈 코호몰로지 심화,evidence/visual-qa-r3/pages-120dpi/page-194.png,332067,0286D974BCCB545B6F54DD9741F4B61D9F75D824A7A582ED5123475F315CF2B1,1020,1320,93939,0.06977050,"138,161,882,1166",false
195,63,13,에탈 코호몰로지 심화,evidence/visual-qa-r3/pages-120dpi/page-195.png,300506,EAE7E50CEDD25D5A3B172A4B5A809A792B3733E56D6F2F6AE607C30F1E08FF95,1020,1320,84110,0.06247029,"138,161,883,1168",false
196,63,14,에탈 코호몰로지 심화,evidence/visual-qa-r3/pages-120dpi/page-196.png,285133,A7A2E18E056A3C10CC4487F9E11AD875974B10E160F20B3297E4D21D562023CC,1020,1320,79129,0.05877080,"138,161,882,1167",false
197,63,15,에탈 코호몰로지 심화,evidence/visual-qa-r3/pages-120dpi/page-197.png,316879,153B55B17349A955ACF8F6CC66321249148DDAE1644FE26B1E63F3558E3BDC48,1020,1320,89738,0.06665033,"138,161,882,1169",false
198,63,16,에탈 코호몰로지 심화,evidence/visual-qa-r3/pages-120dpi/page-198.png,192834,26C24C594C6DDB2DCE2085822C8C9CF50B5B5170783F64040E540685C89C2883,1020,1320,52482,0.03897950,"138,161,882,1167",false
199,63,17,에탈 코호몰로지 심화,evidence/visual-qa-r3/pages-120dpi/page-199.png,361349,10256A72B7237D5CDE4CE98CF14E7536043A342C5540A448F0C86BD41FDC12B4,1020,1320,104389,0.07753194,"138,161,882,1167",false
200,63,18,에탈 코호몰로지 심화,evidence/visual-qa-r3/pages-120dpi/page-200.png,304335,FA372366219423188A866F66A84157868C4830447BAADF96038E3092B9B0927A,1020,1320,84451,0.06272356,"138,161,882,1168",false
201,63,19,에탈 코호몰로지 심화,evidence/visual-qa-r3/pages-120dpi/page-201.png,312027,A7DA0B238FA77CA4752FC69DD89D16B7DD93D2973097025DABDD1F8B9C732746,1020,1320,88104,0.06543672,"138,161,882,1164",false
202,63,20,에탈 코호몰로지 심화,evidence/visual-qa-r3/pages-120dpi/page-202.png,321933,172019F0A31697E466753A65C70797906ED305EF10CB6D679CC5D70E34E0D574,1020,1320,91851,0.06821970,"137,161,882,1166",false
203,63,21,에탈 코호몰로지 심화,evidence/visual-qa-r3/pages-120dpi/page-203.png,303816,68EDBDD32CAE24C8CB09BE8F9B6C0C93EFEACB710F256A3F9DC77449961664AD,1020,1320,86877,0.06452540,"138,161,882,1167",false
204,63,22,에탈 코호몰로지 심화,evidence/visual-qa-r3/pages-120dpi/page-204.png,223041,004ACD9E22C4B2768EF38B848B6A2BBACFB94D965CCF50F522830FA98E161869,1020,1320,61045,0.04533942,"138,161,882,1168",false
205,63,23,에탈 코호몰로지 심화,evidence/visual-qa-r3/pages-120dpi/page-205.png,280791,97DFB9F452AC7DB349C9288A2718634A26E84ED194B551743EAF20B554131047,1020,1320,78590,0.05837047,"138,161,883,1166",false
206,63,24,에탈 코호몰로지 심화,evidence/visual-qa-r3/pages-120dpi/page-206.png,342344,7AAB189E4EE1E3EC00733C27C99A35C5D94EDA2333280DCFFEC14FB23EFBFBED,1020,1320,96846,0.07192959,"138,161,882,1164",false
207,63,25,에탈 코호몰로지 심화,evidence/visual-qa-r3/pages-120dpi/page-207.png,271372,B07D7A31D997D2FB3F5F7B9227259549CC36A1C60A86F5BA9B3F7AA4AFB63FE6,1020,1320,76925,0.05713384,"138,161,882,1167",false
208,63,26,에탈 코호몰로지 심화,evidence/visual-qa-r3/pages-120dpi/page-208.png,198426,C170714C740C4DD1F318626AE64FD1A2B7CD6D8EFA903ADA243B0A14144BE7F7,1020,1320,53195,0.03950906,"138,161,882,1167",false
209,63,27,에탈 코호몰로지 심화,evidence/visual-qa-r3/pages-120dpi/page-209.png,204157,87A400FB1ADD65432EC67D4CDFA367CA734E3BF69EA88BA9D1E5ABEF72AA769A,1020,1320,56659,0.04208185,"138,161,882,1170",false
210,63,28,에탈 코호몰로지 심화,evidence/visual-qa-r3/pages-120dpi/page-210.png,253534,B6B67CBFE7D2838D4E24203EBAA4E9A578BF508A677CB75BE408BC92B5095E93,1020,1320,71223,0.05289884,"138,161,882,1167",false
211,63,29,에탈 코호몰로지 심화,evidence/visual-qa-r3/pages-120dpi/page-211.png,362148,EA9EA9C62CFEB154C794A48FBFF8781AC44E9B821C35F7D475479ED438A128F1,1020,1320,103879,0.07715315,"138,161,882,1165",false
212,63,30,에탈 코호몰로지 심화,evidence/visual-qa-r3/pages-120dpi/page-212.png,210240,11389E32FE670C9ED3378B5F2092F82144D5DE8CDC55D18BD0DE2E2F4F2A866C,1020,1320,61000,0.04530600,"138,161,882,1166",false
213,63,31,에탈 코호몰로지 심화,evidence/visual-qa-r3/pages-120dpi/page-213.png,112893,161B5F21F0DB9ED7FBF2D9FB2CA7F365FD966FE16FA64D0AA3CBBCCEC5D94531,1020,1320,28204,0.02094771,"138,161,882,1168",false
214,63,32,에탈 코호몰로지 심화,evidence/visual-qa-r3/pages-120dpi/page-214.png,155566,18CC046816D76C5F76741185744CD9001B9150AAD68DFC98099497019C5A18A7,1020,1320,43613,0.03239231,"138,161,882,1164",false
215,63,33,에탈 코호몰로지 심화,evidence/visual-qa-r3/pages-120dpi/page-215.png,328996,F3B6B97414C9C889DD1220123077A1D4C24A4489924696584AEA07DAF48F49E7,1020,1320,94489,0.07017900,"138,161,882,1168",false
216,63,34,에탈 코호몰로지 심화,evidence/visual-qa-r3/pages-120dpi/page-216.png,400125,D14DBFB9EB88F41607D27859E9DFEC7C8B79A108C4C315E7DD7495A4B690C4E8,1020,1320,114808,0.08527035,"137,161,882,1168",false
217,63,35,에탈 코호몰로지 심화,evidence/visual-qa-r3/pages-120dpi/page-217.png,256718,BEEC78EE3B312429D03279C5EE4D28B809AB67F7CFF846080B15ACDFCE5AF17F,1020,1320,73953,0.05492647,"138,161,882,1166",false
218,63,36,에탈 코호몰로지 심화,evidence/visual-qa-r3/pages-120dpi/page-218.png,324030,83E51093D6822914500F06BB1415B95485AFB8A86DDC2D5E23A60B9C1394B4E1,1020,1320,92411,0.06863562,"138,161,882,1166",false
219,63,37,에탈 코호몰로지 심화,evidence/visual-qa-r3/pages-120dpi/page-219.png,247053,5446E2BAC98410C6B81B48F1135ED1AE67B2E952AE4FF3CDE7955A29692CFE0C,1020,1320,71374,0.05301099,"138,161,882,1164",false
220,63,38,에탈 코호몰로지 심화,evidence/visual-qa-r3/pages-120dpi/page-220.png,306956,02F5C101642654FF8284BD43F81D5F4F8CFD6595C16F589C1FA3B8884F7F0A54,1020,1320,87250,0.06480244,"138,161,884,1168",false
221,63,39,에탈 코호몰로지 심화,evidence/visual-qa-r3/pages-120dpi/page-221.png,270314,F2B8E330C7FFCDDF4F58F9A038A587E8FFC44EB7D44A500094644FE2FEEB579D,1020,1320,74404,0.05526144,"138,161,882,1168",false
222,63,40,에탈 코호몰로지 심화,evidence/visual-qa-r3/pages-120dpi/page-222.png,362876,2169C5B89B2FCA798755B0E3A0BB122AD8202FAF2DDD0614FD58A764E43587C7,1020,1320,105355,0.07824941,"138,161,882,1166",false
223,63,41,에탈 코호몰로지 심화,evidence/visual-qa-r3/pages-120dpi/page-223.png,363480,8BA407789D4C1B80B24E98B86680B81364744A134953CDED6B2EBEE21759C078,1020,1320,104770,0.07781491,"138,161,882,1167",false
224,63,42,에탈 코호몰로지 심화,evidence/visual-qa-r3/pages-120dpi/page-224.png,329393,E3C9F9D0190289EC82FA6C1B3F05928AEEAFB6E1E6AA9BC9253404B5CAC6E922,1020,1320,95793,0.07114750,"138,161,882,1167",false
225,63,43,에탈 코호몰로지 심화,evidence/visual-qa-r3/pages-120dpi/page-225.png,401895,D5AF748A44743A9E0FECFA8902CC6C970378856868F56C1DED9C7F780AE133EE,1020,1320,115113,0.08549688,"138,161,882,1168",false
226,63,44,에탈 코호몰로지 심화,evidence/visual-qa-r3/pages-120dpi/page-226.png,361225,6E6C8EC56520B611E8FF3F0DE29B090944B6FC708A0DA3718BF682E17EED8ADA,1020,1320,103379,0.07678179,"138,161,882,1166",false
227,63,45,에탈 코호몰로지 심화,evidence/visual-qa-r3/pages-120dpi/page-227.png,230958,51F24F4082D04F2651A073583A9864EDEA573B9C670B081C828B78F1ABF9CCFF,1020,1320,64385,0.04782011,"138,161,882,1034",false
228,64,1,트레이스 공식,evidence/visual-qa-r3/pages-120dpi/page-228.png,129057,83AC4B60980B65043CB58171E0822DD24486199866BD33E2C272DA2147E839F7,1020,1320,30100,0.02235591,"158,250,882,1183",false
229,64,2,트레이스 공식,evidence/visual-qa-r3/pages-120dpi/page-229.png,271757,427E757807533787E879D8AD07C13F9322DA51046617A6768EA4B47DA452FDC9,1020,1320,75447,0.05603610,"138,161,882,1166",false
230,64,3,트레이스 공식,evidence/visual-qa-r3/pages-120dpi/page-230.png,246956,98448F28A7E60CD23E4D97300BA62D6770AE22184E6B9F5D6EDA0F0F997A21FE,1020,1320,68485,0.05086527,"138,161,882,1169",false
231,64,4,트레이스 공식,evidence/visual-qa-r3/pages-120dpi/page-231.png,256067,F296F3CDACBF137B8534C3D217395C390EF4D709CAE566563E65091735D31BF9,1020,1320,70172,0.05211824,"138,161,883,1167",false
232,64,5,트레이스 공식,evidence/visual-qa-r3/pages-120dpi/page-232.png,317082,195B8C257168D28A2B9478AFBC95076F1E0791A9316B766003DA55FE365EE9DD,1020,1320,89840,0.06672608,"138,161,882,1168",false
233,64,6,트레이스 공식,evidence/visual-qa-r3/pages-120dpi/page-233.png,370703,81D96AB8E2B2822FC33AC8DB0010FF82E5C422C3006A71444E202A31EE7D8E27,1020,1320,105624,0.07844920,"138,161,882,1169",false
234,64,7,트레이스 공식,evidence/visual-qa-r3/pages-120dpi/page-234.png,239313,006BFDFED980655662227BAA489C2A8D836B5793F16CCB1B932BED0A9B8B4D2D,1020,1320,67025,0.04978090,"138,161,882,1168",false
235,64,8,트레이스 공식,evidence/visual-qa-r3/pages-120dpi/page-235.png,159199,14C78D8C66A1821BB657DFF757DDD5E2F5EB5A10E03A494350E3E22B8C6BC029,1020,1320,42346,0.03145128,"138,161,882,1166",false
236,64,9,트레이스 공식,evidence/visual-qa-r3/pages-120dpi/page-236.png,250399,F92D843BB467F77B7EFAA7F1B3BBACD59D77C1AFD3D289E5801FAEA01E9A7E08,1020,1320,69554,0.05165924,"138,161,882,1169",false
237,64,10,트레이스 공식,evidence/visual-qa-r3/pages-120dpi/page-237.png,206097,E0C1AC5C9A44DCF9B7B204B2B800B62014F0ECF720E84FAB68A1B63C72584F58,1020,1320,56590,0.04203060,"138,161,882,1166",false
238,64,11,트레이스 공식,evidence/visual-qa-r3/pages-120dpi/page-238.png,307856,5903D7BA2DE1B19538710EBF50B6A54D3908E94D44F12810FA74449E5270A917,1020,1320,84593,0.06282903,"138,161,882,1166",false
239,64,12,트레이스 공식,evidence/visual-qa-r3/pages-120dpi/page-239.png,292022,072F2F104C3F2EAF474E37FD4303CB4723FCF5A55228996B2A11E3ED02427B72,1020,1320,80008,0.05942365,"138,161,882,1166",false
240,64,13,트레이스 공식,evidence/visual-qa-r3/pages-120dpi/page-240.png,159237,1431E1FDADB83BFF596791D0D1EAAD3B9D0FDE8CAC8DCE064E09B30E53B3883F,1020,1320,43927,0.03262552,"138,161,882,1169",false
241,64,14,트레이스 공식,evidence/visual-qa-r3/pages-120dpi/page-241.png,172775,F6BE5470D8F23B02D086E49C872C263AB18DF58FA8C68D4673F402179F309AC2,1020,1320,45247,0.03360591,"138,161,881,1168",false
242,64,15,트레이스 공식,evidence/visual-qa-r3/pages-120dpi/page-242.png,241463,64159D8CA7EE6AD09E8F7A8971DCBEAFF658FA8023E3A8C0459B73EC09A09B66,1020,1320,67992,0.05049911,"138,161,882,1166",false
243,64,16,트레이스 공식,evidence/visual-qa-r3/pages-120dpi/page-243.png,216586,0A8DC0450C6A104B0BE58615B6F72193E336B424469563E0B57867648395B197,1020,1320,58325,0.04331922,"138,161,882,1170",false
244,64,17,트레이스 공식,evidence/visual-qa-r3/pages-120dpi/page-244.png,192354,E562198CCBB7FC7AB41F718D60C3736DA494E79E8F6BBC688EEBBAC01DD1B8DA,1020,1320,52654,0.03910725,"138,161,882,1166",false
245,64,18,트레이스 공식,evidence/visual-qa-r3/pages-120dpi/page-245.png,240220,1941335B5269CBCB6A3611C3EE27E402815BC23191A7A2C51BBEB8664C5B2343,1020,1320,66507,0.04939617,"138,161,882,1165",false
246,64,19,트레이스 공식,evidence/visual-qa-r3/pages-120dpi/page-246.png,255529,3E5A22EA3EA4473B7619D0137F435CB76A2DF9C8B17895DDF0B17EB264E6F139,1020,1320,68905,0.05117721,"138,161,882,1169",false
247,64,20,트레이스 공식,evidence/visual-qa-r3/pages-120dpi/page-247.png,266095,6F7D8DFBD704A7179D859FF7A911273FE69C8227A8E6900276FBD2979BCC92AB,1020,1320,72016,0.05348782,"138,161,882,1166",false
248,64,21,트레이스 공식,evidence/visual-qa-r3/pages-120dpi/page-248.png,266735,41B9197FA50C07FD69DB7AA43A48EB951AEE87B9504833D685DB3CA5E0A3457E,1020,1320,75413,0.05601084,"138,161,882,1166",false
249,64,22,트레이스 공식,evidence/visual-qa-r3/pages-120dpi/page-249.png,236851,5610A4757FE0E7575333322C3FAE7014B8C8C622A34C50C4760D40D7DCED2AD0,1020,1320,65216,0.04843731,"138,161,882,1167",false
250,64,23,트레이스 공식,evidence/visual-qa-r3/pages-120dpi/page-250.png,312892,8F7DC4D65535C9A0CDDCD172FF05A16DEFBC535E06C33BA3B41A8AC5BAE4A506,1020,1320,86830,0.06449049,"138,161,882,1168",false
251,64,24,트레이스 공식,evidence/visual-qa-r3/pages-120dpi/page-251.png,226885,14619D1E10120CF8361A23BD2C23A7565EFC721940248B8C07F4F381E4EA862C,1020,1320,61452,0.04564171,"138,161,883,1166",false
252,64,25,트레이스 공식,evidence/visual-qa-r3/pages-120dpi/page-252.png,227255,DB9669C7A94A66FA4E71D290C9F54F950EEE2039CD9870CF3F79E0B5EC8143DA,1020,1320,62128,0.04614379,"138,161,882,1166",false
253,64,26,트레이스 공식,evidence/visual-qa-r3/pages-120dpi/page-253.png,242590,8E1D96E40248BFAA6CBD2ADECD5F0E837C822354F7D41457514E8E2B80A4DB90,1020,1320,66669,0.04951649,"138,161,882,1170",false
254,64,27,트레이스 공식,evidence/visual-qa-r3/pages-120dpi/page-254.png,183576,DA9E61D086ECBAC7CBE65093D7C30BBB7C78110D7AC72DAC7405558764E9633F,1020,1320,50163,0.03725713,"139,161,882,1166",false
255,64,28,트레이스 공식,evidence/visual-qa-r3/pages-120dpi/page-255.png,222509,7152C4774E48C2CD01E92EE112999375D05984AB37EAC4BD159C95DDF593C99B,1020,1320,59480,0.04417706,"138,161,881,1166",false
256,64,29,트레이스 공식,evidence/visual-qa-r3/pages-120dpi/page-256.png,210467,E12466D20045B2BB3C15EDD0AF8599265BC7F90E2932C151BCA5C7D947A2CB21,1020,1320,55702,0.04137106,"138,161,882,1166",false
257,64,30,트레이스 공식,evidence/visual-qa-r3/pages-120dpi/page-257.png,225973,77780C3FBF1B032CE07BF6051A7A760B2FB6B9BBF87790D092B44DA67FDD5146,1020,1320,59539,0.04422089,"138,161,882,1167",false
258,64,31,트레이스 공식,evidence/visual-qa-r3/pages-120dpi/page-258.png,239366,573140487A05CF2F10C44743D27DB151EDD6AD3CDC3F408024C23727BE351CC4,1020,1320,64300,0.04775698,"138,161,882,1168",false
259,64,32,트레이스 공식,evidence/visual-qa-r3/pages-120dpi/page-259.png,170554,15281937F3964B40980C9496DEFE9523872CB81761FE952F6BDE823F5CE7F35B,1020,1320,42364,0.03146465,"138,161,881,1169",false
260,64,33,트레이스 공식,evidence/visual-qa-r3/pages-120dpi/page-260.png,252750,4FBCB5ABEFFAAAB0FC267CA79E1858AC13BAD34ACB107456CAAC2AAD6ED86001,1020,1320,68601,0.05095143,"138,161,882,1168",false
261,64,34,트레이스 공식,evidence/visual-qa-r3/pages-120dpi/page-261.png,203182,30FBFCFB00B61A9EEBE0B90454259CD8BACB78742F175D5F0B7295369FD8E004,1020,1320,55229,0.04101976,"138,161,882,1165",false
262,64,35,트레이스 공식,evidence/visual-qa-r3/pages-120dpi/page-262.png,247108,CB05D6DE3955B5ABEBAAFB9EE5F8295400DF5F3CB6CD563881923EC91873D5B9,1020,1320,67871,0.05040924,"138,161,882,1166",false
263,64,36,트레이스 공식,evidence/visual-qa-r3/pages-120dpi/page-263.png,250380,D5C0CEF53634F915408550B285B6DFE2C5F4BA5ACAB5623E02BE9BA756061CFB,1020,1320,67452,0.05009804,"138,161,882,1167",false
264,64,37,트레이스 공식,evidence/visual-qa-r3/pages-120dpi/page-264.png,262065,83EFD949FEE69380824EA44BD058AF464911A388CFFEC34AA282D517A7BAF598,1020,1320,71312,0.05296494,"138,161,882,1169",false
265,64,38,트레이스 공식,evidence/visual-qa-r3/pages-120dpi/page-265.png,205008,E78781ECCBAB9418CD8D592C0F88A8A7E205348663B9ACEE231F0B2F5C1F1195,1020,1320,54128,0.04020202,"137,161,882,1168",false
266,64,39,트레이스 공식,evidence/visual-qa-r3/pages-120dpi/page-266.png,234591,FD19BD545BF26DE8AF1E0CCED4C54A19430B4795E38EE94C80946D7F02D70C41,1020,1320,64127,0.04762849,"138,161,882,1168",false
267,64,40,트레이스 공식,evidence/visual-qa-r3/pages-120dpi/page-267.png,199310,234984FBF3C59B888EC211083B1287597484757C6ABF5DF87C4612B42AB5E61E,1020,1320,61186,0.04544415,"138,161,883,1144",false
268,65,1,대수공간,evidence/visual-qa-r3/pages-120dpi/page-268.png,265997,1AFB37127284DBBFCE481A9273A04E01F6BF8FEEF817F3A0FD26C667B6E80C57,1020,1320,74263,0.05515671,"138,250,882,1183",false
269,65,2,대수공간,evidence/visual-qa-r3/pages-120dpi/page-269.png,275273,521E2502A16EA68BADABC1545DDDBEFB8804D7643C889DC1A55209468DBD01A8,1020,1320,75344,0.05595960,"138,161,882,1166",false
270,65,3,대수공간,evidence/visual-qa-r3/pages-120dpi/page-270.png,331832,08CC91316AA0BFB36CE83F81E3F4AEE03E15C33E6F57696495F0B30E199DAFDE,1020,1320,91671,0.06808601,"138,161,882,1168",false
271,65,4,대수공간,evidence/visual-qa-r3/pages-120dpi/page-271.png,310114,3D1EA211A97A24E3D8D368805ABD24787A35684BA4D945B9A301B442B5E146A1,1020,1320,85116,0.06321747,"137,161,880,1168",false
272,65,5,대수공간,evidence/visual-qa-r3/pages-120dpi/page-272.png,334580,BE8025402F98BD838085E63B0281CFC64578747401C5A4845352A74C802DE58B,1020,1320,93376,0.06935235,"138,161,882,1166",false
273,65,6,대수공간,evidence/visual-qa-r3/pages-120dpi/page-273.png,282615,8CF577D7F25ACC4CF818472F7253657119F4DBE31884F77BC1CE2C0D4839A2BF,1020,1320,77258,0.05738116,"138,161,882,1166",false
274,65,7,대수공간,evidence/visual-qa-r3/pages-120dpi/page-274.png,300206,0A847D117B585BB312FAE76ACE728F70BCD00CBCE0EEB8528867A1482DA97E5E,1020,1320,83294,0.06186423,"138,161,882,1166",false
275,65,8,대수공간,evidence/visual-qa-r3/pages-120dpi/page-275.png,354936,0769057CE3B2FD2E4A6EA2C92D994FB44D51586A9919AD900FD30E053802B3DC,1020,1320,100084,0.07433452,"138,161,882,1166",false
276,65,9,대수공간,evidence/visual-qa-r3/pages-120dpi/page-276.png,378133,918C61F82B0696CB34B8E358750EFBC39795E7D730B1F1F096EE42BD0F281DBD,1020,1320,109581,0.08138815,"138,161,882,1169",false
277,65,10,대수공간,evidence/visual-qa-r3/pages-120dpi/page-277.png,315316,B7997546BD47E0341264B93F34F1405CDEDC915C159A3A22840556E3E1BD890D,1020,1320,88764,0.06592692,"138,161,882,1168",false
278,65,11,대수공간,evidence/visual-qa-r3/pages-120dpi/page-278.png,382760,3C1D5858C87522F1FE3D32F830874DC58D2C8F3F601D98F5803659830083F14A,1020,1320,109743,0.08150847,"138,161,882,1166",false
279,65,12,대수공간,evidence/visual-qa-r3/pages-120dpi/page-279.png,220879,927C9172BB7BAC2F57B3AEB3F70BC949450E69FA8ADDAACF2F9A0AE41AE99E76,1020,1320,63130,0.04688800,"138,161,882,1168",false
280,65,13,대수공간,evidence/visual-qa-r3/pages-120dpi/page-280.png,344272,450CC75A20B46B8C4DDDFC1063FEE302E6AF15EFF0227C7276008E1060B54320,1020,1320,99451,0.07386438,"138,161,882,1167",false
281,65,14,대수공간,evidence/visual-qa-r3/pages-120dpi/page-281.png,285780,AA983D60A2A780DC31F599CB2C4F78441F2CF4751E8D45B8AC7BFEB87A8B07B1,1020,1320,83451,0.06198084,"138,161,882,1166",false
282,65,15,대수공간,evidence/visual-qa-r3/pages-120dpi/page-282.png,335177,B4AA18B4214094CF876150627554A4BB798AC1B8B922F88102C93497EA5CA118,1020,1320,95637,0.07103164,"138,161,882,1166",false
283,65,16,대수공간,evidence/visual-qa-r3/pages-120dpi/page-283.png,300712,DD583CB5F3CF1DFB94BE60AF1AD10367A880B9930C83F38654B0267D8B962E45,1020,1320,83917,0.06232695,"138,161,882,1165",false
284,65,17,대수공간,evidence/visual-qa-r3/pages-120dpi/page-284.png,378187,9D255543E1F4B776BD97686AA7E1B9A344437211F3F9AAF3BE7AF9DB9837F05E,1020,1320,106540,0.07912953,"138,161,882,1166",false
285,65,18,대수공간,evidence/visual-qa-r3/pages-120dpi/page-285.png,296808,145003C5649AC94A5E44DB62BFB51D9E63D23BBD0DEE9D2EA97E4E5237ADAAC2,1020,1320,83231,0.06181744,"138,161,882,1165",false
286,65,19,대수공간,evidence/visual-qa-r3/pages-120dpi/page-286.png,313789,4ADBECD8AE0DABDB9344BD0A73EFE0E46BFBF0B4064EC19987FE9697D9BAC313,1020,1320,86579,0.06430407,"138,161,882,1166",false
287,65,20,대수공간,evidence/visual-qa-r3/pages-120dpi/page-287.png,325930,863C964A005547DB5D30109CB803F660E946341F4B07BA59441A3FF05491F68A,1020,1320,91063,0.06763443,"138,161,882,1165",false
288,65,21,대수공간,evidence/visual-qa-r3/pages-120dpi/page-288.png,352296,3CA612AD59ACC3F404A23BAC63AFAA13B72E8D84EBDD02433C7BD3E752E7965B,1020,1320,101657,0.07550282,"138,161,882,1168",false
289,65,22,대수공간,evidence/visual-qa-r3/pages-120dpi/page-289.png,410099,887CA6DA5E360E4EA52D85DACD99D0692E80BAEC538B9A795865011E766D5964,1020,1320,118412,0.08794712,"138,161,882,1166",false
290,65,23,대수공간,evidence/visual-qa-r3/pages-120dpi/page-290.png,384565,8F18B2202BA120B73C59261184451013B3ACA36043314F15B888197189DE2416,1020,1320,111370,0.08271687,"137,161,882,1165",false
291,65,24,대수공간,evidence/visual-qa-r3/pages-120dpi/page-291.png,368839,BB7406BC1136EB48645FD01CD5C3FB79F1BC1748637A82552D9C2B6F39A5E0AE,1020,1320,104561,0.07765969,"137,161,882,1168",false
292,65,25,대수공간,evidence/visual-qa-r3/pages-120dpi/page-292.png,358192,F40F31E3997064B129D11C15F1889F107FBA11D84C2B0D9D411FA96E92C56870,1020,1320,103450,0.07683452,"137,161,883,1167",false
293,65,26,대수공간,evidence/visual-qa-r3/pages-120dpi/page-293.png,120023,283EBACCA8E17E12FDCA7911F0AD089D6F2256D5A7F3C1D510F38C4D3EB7D3C5,1020,1320,36791,0.02732546,"138,161,882,479",false
294,66,1,대수공간의 성질,evidence/visual-qa-r3/pages-120dpi/page-294.png,118460,F181E68E790810D3AC99543875DBCE3E93CAEBAAEA44E222AEEAF46965FE3294,1020,1320,27136,0.02015449,"158,250,882,1183",false
295,66,2,대수공간의 성질,evidence/visual-qa-r3/pages-120dpi/page-295.png,349365,1F91A0FC848F15F79F5EF39E420843A480C5B0339E4D306325D2B0334BE612AD,1020,1320,99539,0.07392974,"138,161,882,1165",false
296,66,3,대수공간의 성질,evidence/visual-qa-r3/pages-120dpi/page-296.png,307151,5863E7335CAD3E5C39BC03AF5BBA27952D70A6F896C42E69C05C33B53D2EB06C,1020,1320,87357,0.06488191,"137,161,882,1166",false
297,66,4,대수공간의 성질,evidence/visual-qa-r3/pages-120dpi/page-297.png,286776,D4022CD8B3CA5FC4F3EB24DB614D846CE881A044E7097DFDFA3B191A5F1AFCA2,1020,1320,80740,0.05996732,"138,161,882,1166",false
298,66,5,대수공간의 성질,evidence/visual-qa-r3/pages-120dpi/page-298.png,250010,0BE2B11D674899C74A4A97F4692B56CA817B2C27B2C3ADF053C11738495F0907,1020,1320,71427,0.05305036,"138,161,882,1168",false
299,66,6,대수공간의 성질,evidence/visual-qa-r3/pages-120dpi/page-299.png,384826,48CC00C64C91C1B3A865683F02EA0D8CEAC9F899115D2C18A26B08FEA44DFDF2,1020,1320,111162,0.08256239,"138,161,882,1167",false
300,66,7,대수공간의 성질,evidence/visual-qa-r3/pages-120dpi/page-300.png,340216,F786D6314041F44150E0C5E55460115A7198EB2FB6E2586CF50BF476483822FB,1020,1320,97155,0.07215909,"138,161,882,1166",false
301,66,8,대수공간의 성질,evidence/visual-qa-r3/pages-120dpi/page-301.png,338547,D9F60DFCF4C0DC5DA6F03C60AC988424C3DFC46538547588A9CB89DCAC5836E8,1020,1320,97835,0.07266414,"138,161,883,1167",false
302,66,9,대수공간의 성질,evidence/visual-qa-r3/pages-120dpi/page-302.png,357150,4C2D2A54B846DB0AE136B0C3307492982CFEB8ECEA408C2811BFEC4AB78A2FE2,1020,1320,101439,0.07534091,"138,161,882,1167",false
303,66,10,대수공간의 성질,evidence/visual-qa-r3/pages-120dpi/page-303.png,355216,3CE493C72F5EBC4FEDA391AA201C4367BEE29C0BA654C6FC3F6D918BDEEA7BF7,1020,1320,100226,0.07443999,"138,161,882,1168",false
304,66,11,대수공간의 성질,evidence/visual-qa-r3/pages-120dpi/page-304.png,361176,5F5D70798D6F7D2D1D1248101D07C2B7AB6F2E1D140396BEC6C4CAAA3424184F,1020,1320,104978,0.07796940,"138,161,882,1166",false
305,66,12,대수공간의 성질,evidence/visual-qa-r3/pages-120dpi/page-305.png,325632,A206DF9A4AE7BEDFEEA85F1B7CB2032A7F48D6AB494F75A9B6DDF6DFA52B24D6,1020,1320,91431,0.06790775,"138,161,882,1168",false
306,66,13,대수공간의 성질,evidence/visual-qa-r3/pages-120dpi/page-306.png,402804,64F373E867B28B1820EBC8F0AF966514E5A14936C3C3EA4D29E9A53D83500BBB,1020,1320,118229,0.08781120,"138,161,883,1168",false
307,66,14,대수공간의 성질,evidence/visual-qa-r3/pages-120dpi/page-307.png,310867,AFF57C807A5FFED7D4F65AFFB0CADC01E71F8AD541CEC7CB778F6BE31F2E7638,1020,1320,88001,0.06536022,"138,161,882,1168",false
308,66,15,대수공간의 성질,evidence/visual-qa-r3/pages-120dpi/page-308.png,439907,DFC0DBC9D1CF0D43809DCCDA71523B15DB807E270AE3FC6BF25456394016153A,1020,1320,127992,0.09506239,"138,161,882,1167",false
309,66,16,대수공간의 성질,evidence/visual-qa-r3/pages-120dpi/page-309.png,378273,738BDF25E23C28F668BA7D4045AB14FD1A8D9F27834D973F061BA9B59D5E732B,1020,1320,106862,0.07936869,"138,161,882,1168",false
310,66,17,대수공간의 성질,evidence/visual-qa-r3/pages-120dpi/page-310.png,389779,F0F0A0159758D89A04A98CE80B784E8A76933040FA06ED91C15889D260D680C9,1020,1320,114185,0.08480764,"138,161,882,1167",false
311,66,18,대수공간의 성질,evidence/visual-qa-r3/pages-120dpi/page-311.png,310815,C429139EACB136ADD1DD98E0DC51F8EEA5D6E90D4C8E3607DB7E19B3865D944F,1020,1320,90324,0.06708556,"138,161,882,1166",false
312,66,19,대수공간의 성질,evidence/visual-qa-r3/pages-120dpi/page-312.png,256989,AA17C2B0B6F0B827CECE677B08608DBA00B543B3A505969E0465AFBB25D315E3,1020,1320,72142,0.05358140,"138,161,882,1166",false
313,66,20,대수공간의 성질,evidence/visual-qa-r3/pages-120dpi/page-313.png,343408,17969A10AA153837CBFB5C6AA271066F9EEF39242A8B62EB661EE12E0613FE07,1020,1320,97775,0.07261958,"138,161,882,1166",false
314,66,21,대수공간의 성질,evidence/visual-qa-r3/pages-120dpi/page-314.png,305159,C2C077A93C0BE3C2C18A020CBF2834CF4762B2815E1199C3AB80120C63C99C99,1020,1320,86394,0.06416667,"138,161,882,1168",false
315,66,22,대수공간의 성질,evidence/visual-qa-r3/pages-120dpi/page-315.png,380683,FD40607DB36A1F61AE584D9107163F8FCA42F44708D1A9D2AE2FCC65CEFDBBA1,1020,1320,108346,0.08047089,"138,161,882,1166",false
316,66,23,대수공간의 성질,evidence/visual-qa-r3/pages-120dpi/page-316.png,331114,DB904716E1F35351B59297EE322A796103976922C2725DF214E1ABCE11831958,1020,1320,90600,0.06729055,"138,161,882,1166",false
317,66,24,대수공간의 성질,evidence/visual-qa-r3/pages-120dpi/page-317.png,204229,D2CE55018850C1C548587585FE2CFD195F691A7543203C4FF3ABF7950354DE2D,1020,1320,54223,0.04027258,"138,161,882,1169",false
318,66,25,대수공간의 성질,evidence/visual-qa-r3/pages-120dpi/page-318.png,296385,3C06C342BFF1180DE6E9B14CAA5A29DB1E2A92D59B8077A15AA15BF36B8D985B,1020,1320,82149,0.06101381,"138,161,882,1167",false
319,66,26,대수공간의 성질,evidence/visual-qa-r3/pages-120dpi/page-319.png,273210,471A12DDC526A6AD077D11D4F824A3EEA250655232CB91B7F84D3FA2FD61EE8D,1020,1320,74628,0.05542781,"138,161,882,1168",false
320,66,27,대수공간의 성질,evidence/visual-qa-r3/pages-120dpi/page-320.png,282116,F2B821A745C95E4B017DFFBE07ECAA7CFE7B956B6E7D7192DE6372955D8C57B0,1020,1320,78926,0.05862002,"138,161,882,1168",false
321,66,28,대수공간의 성질,evidence/visual-qa-r3/pages-120dpi/page-321.png,324644,EB8A3BC4E5C951F655FDD772432081EBDD28B8FB79065F85CCDD291672D368F8,1020,1320,93412,0.06937908,"138,161,882,1168",false
322,66,29,대수공간의 성질,evidence/visual-qa-r3/pages-120dpi/page-322.png,328025,30EB4FB68F746E42722D26E29ECD09621E489E64CB908705021F927A78F35DF3,1020,1320,92393,0.06862225,"138,161,882,1168",false
323,66,30,대수공간의 성질,evidence/visual-qa-r3/pages-120dpi/page-323.png,345144,639D204FCA38827F0BA7B2E6EFB2769DEC11BF4F4C79FB8729C946F1A4E21D0B,1020,1320,96458,0.07164141,"138,161,882,1163",false
324,66,31,대수공간의 성질,evidence/visual-qa-r3/pages-120dpi/page-324.png,380949,6FBA10B0E1AF495B8933DE840B1209E804EFF61DB46C86CC5A2F9996A67A8117,1020,1320,108943,0.08091429,"137,161,882,1166",false
325,66,32,대수공간의 성질,evidence/visual-qa-r3/pages-120dpi/page-325.png,336581,C7096D157709D0F6B3A05E290754BC3A5A3D1EC6E09CFCA80093AB67DD1C2FCB,1020,1320,95436,0.07088235,"138,161,882,1168",false
326,66,33,대수공간의 성질,evidence/visual-qa-r3/pages-120dpi/page-326.png,333992,ABF95BDB0628B45FEC883232CEE6411D10DF494B1C861FED04E78E00F377B636,1020,1320,92053,0.06836973,"138,161,882,1168",false
327,66,34,대수공간의 성질,evidence/visual-qa-r3/pages-120dpi/page-327.png,347641,4556134535F66504FAE7ED7D3884D53B439683ED988F5B166744FB44FB3885F0,1020,1320,97543,0.07244727,"138,161,882,1168",false
328,66,35,대수공간의 성질,evidence/visual-qa-r3/pages-120dpi/page-328.png,372861,BFC1312FF9C91843443035DB4B28D13985FAA865F61C77FABCC236F67405D006,1020,1320,106057,0.07877080,"138,161,882,1167",false
329,66,36,대수공간의 성질,evidence/visual-qa-r3/pages-120dpi/page-329.png,323033,6090430465B850F6C4D6092B9CC45E33237B0481EDFAF9AFBDEB7658060F2169,1020,1320,92117,0.06841726,"138,161,882,1168",false
330,66,37,대수공간의 성질,evidence/visual-qa-r3/pages-120dpi/page-330.png,340524,BD66D568C0D94CA93D7BC68C7C7DAC40C14DCED86B78E17FD545C497EE249530,1020,1320,97039,0.07207294,"138,161,882,1166",false
331,66,38,대수공간의 성질,evidence/visual-qa-r3/pages-120dpi/page-331.png,242362,5D3AD8D219CDF79CF2475B5DB161D1D846145B2F6BB37C332D4F8329298A0F40,1020,1320,65409,0.04858066,"138,161,882,1167",false
332,66,39,대수공간의 성질,evidence/visual-qa-r3/pages-120dpi/page-332.png,305816,99885DE689C37164EA1F1F0BAB6127C17AA3F38882812E36B5E8B0024E0E4028,1020,1320,84677,0.06289141,"138,161,882,1168",false
333,66,40,대수공간의 성질,evidence/visual-qa-r3/pages-120dpi/page-333.png,352621,5BB27BB86289569F2D20F2C869D30B6120C260F3DDA919DA8AA3FD69D75084B5,1020,1320,98572,0.07321153,"138,161,883,1167",false
334,66,41,대수공간의 성질,evidence/visual-qa-r3/pages-120dpi/page-334.png,260459,5F24600C5BA921ED0B70F7C31B3A91FA8776EDB8D22DBB3BE70FD21BDE828695,1020,1320,72369,0.05375000,"138,161,882,1165",false
335,66,42,대수공간의 성질,evidence/visual-qa-r3/pages-120dpi/page-335.png,209202,3CED682FAEEEB1D7E8DFCDC94FE2D896A80154E364BCE887E12CC51798E5D561,1020,1320,56418,0.04190285,"138,161,882,1166",false
336,66,43,대수공간의 성질,evidence/visual-qa-r3/pages-120dpi/page-336.png,276681,4C264A5900AEF5F2CC7F33B90229B59B248F28F25BBCD9DE4CFE07D159D9DB51,1020,1320,75793,0.05629308,"138,161,882,1165",false
337,66,44,대수공간의 성질,evidence/visual-qa-r3/pages-120dpi/page-337.png,316636,16FCF8B42EC23AD02217B4E157ED6689AF504E742E30BB310B48E56E7C7328EA,1020,1320,88903,0.06603015,"138,161,882,1168",false
338,66,45,대수공간의 성질,evidence/visual-qa-r3/pages-120dpi/page-338.png,303519,A887C5E930971BF1FBDF6578D4BCBAF9959FF4B42F5468E130ECB4268AC1F7B2,1020,1320,83788,0.06223113,"138,161,882,1166",false
339,66,46,대수공간의 성질,evidence/visual-qa-r3/pages-120dpi/page-339.png,308229,F72D1FB720D38868C92AFA797F15DC161DE0A587A54445C32434ED9DDED0C81C,1020,1320,84357,0.06265374,"138,161,882,1168",false
340,66,47,대수공간의 성질,evidence/visual-qa-r3/pages-120dpi/page-340.png,278867,9B48C4ADF352AB79002212C2BDBEE88411E1882E234D0849F7AF6595A54E1613,1020,1320,77538,0.05758913,"138,161,883,1167",false
341,66,48,대수공간의 성질,evidence/visual-qa-r3/pages-120dpi/page-341.png,277102,55479374C908FAF225D15FCB00AB065829E039954E13EABB3D043BBBE8F2222C,1020,1320,75117,0.05579100,"138,161,882,1168",false
342,66,49,대수공간의 성질,evidence/visual-qa-r3/pages-120dpi/page-342.png,385605,B0883BA35D9620B96E26BC27945C15518EB004909B1B889CA2F006640F3A1310,1020,1320,109301,0.08118018,"138,161,882,1166",false
343,66,50,대수공간의 성질,evidence/visual-qa-r3/pages-120dpi/page-343.png,327229,2AF6B868D829844B38AC3B1308A629EAE11BDEB673508B2A924888392171997D,1020,1320,93019,0.06908720,"138,161,882,1165",false
344,66,51,대수공간의 성질,evidence/visual-qa-r3/pages-120dpi/page-344.png,293559,C0082A2818309ABA631F7448488F495F90B71DA36FA4ECC5BE8B65AA588772BA,1020,1320,82841,0.06152778,"138,161,882,1155",false
345,67,1,대수공간의 사상,evidence/visual-qa-r3/pages-120dpi/page-345.png,121361,7CBCA663FD7399E1AE9F69A92CA7DC1D7A8FAA323DE0F62DE9A2B0344780B9A7,1020,1320,27288,0.02026738,"158,250,882,1183",false
346,67,2,대수공간의 사상,evidence/visual-qa-r3/pages-120dpi/page-346.png,299712,081A27BD682150FD1014BE275E0B99B4BDF48EC08F14A13F5CFB1F33A778A970,1020,1320,82663,0.06139557,"138,161,882,1166",false
347,67,3,대수공간의 사상,evidence/visual-qa-r3/pages-120dpi/page-347.png,305687,AC8BA02F57746F61279CB102A46CC6057793BB8F4F38EF861BB93A00CE258664,1020,1320,86699,0.06439320,"138,161,882,1165",false
348,67,4,대수공간의 사상,evidence/visual-qa-r3/pages-120dpi/page-348.png,296335,47895A11EFAE9FBA483B9B94C823BE63C0051593141448D0D366B6DCDC899C13,1020,1320,81533,0.06055630,"138,161,882,1167",false
349,67,5,대수공간의 사상,evidence/visual-qa-r3/pages-120dpi/page-349.png,290767,29EE8D0357AF78FE2BE70D62BC394BFA421056AA5D23726D57F465E9EF72FABB,1020,1320,82513,0.06128417,"138,161,882,1168",false
350,67,6,대수공간의 사상,evidence/visual-qa-r3/pages-120dpi/page-350.png,304365,38D14EBC2BE3EEB4515CA398DA6EC128134684CC8D8E9B40960D5EEDC32E87BE,1020,1320,85010,0.06313874,"138,161,885,1167",false
351,67,7,대수공간의 사상,evidence/visual-qa-r3/pages-120dpi/page-351.png,272486,799348BF651E2C555239DBFE471E2B42D5023C9658247A77ADCCA5324DB99BED,1020,1320,75309,0.05593360,"138,161,882,1168",false
352,67,8,대수공간의 사상,evidence/visual-qa-r3/pages-120dpi/page-352.png,259147,1529C0FE974F23B4610789169E15267B8727516576841591E2F54D9AA3A1B13B,1020,1320,72979,0.05420306,"138,161,882,1165",false
353,67,9,대수공간의 사상,evidence/visual-qa-r3/pages-120dpi/page-353.png,283466,4E45ABBFEC95502B156364795B0D830AFF91DF923FBDC7F828AE9F5B4E391126,1020,1320,79118,0.05876263,"138,161,882,1169",false
354,67,10,대수공간의 사상,evidence/visual-qa-r3/pages-120dpi/page-354.png,299166,26C9CA14F0CE46B426AF0E3E664140F6FB89E1EF654841E3A3AD3CE5DB469781,1020,1320,83720,0.06218063,"138,161,882,1165",false
355,67,11,대수공간의 사상,evidence/visual-qa-r3/pages-120dpi/page-355.png,333621,F61E88B2032F38F08405D0D78966B435E3127ABEF90197D0C6423FE2C7F611B3,1020,1320,94210,0.06997178,"138,161,882,1166",false
356,67,12,대수공간의 사상,evidence/visual-qa-r3/pages-120dpi/page-356.png,374871,DCBA9B2C80D5D7A2815BB850C77A9F973B7CE9C670D26FDAF7B4FF5ADE56B3B7,1020,1320,108472,0.08056447,"138,161,882,1168",false
357,67,13,대수공간의 사상,evidence/visual-qa-r3/pages-120dpi/page-357.png,244949,3730681B2FA52A96E90CDC9E6222A93BA4ED6808EB12CEE8F511041F3B9C833F,1020,1320,68498,0.05087493,"138,161,882,1165",false
358,67,14,대수공간의 사상,evidence/visual-qa-r3/pages-120dpi/page-358.png,363688,FA9C5C0E04EEC5CC7097F8C5A8AE5E57E7724FB7496FA6A34A1235D265275B37,1020,1320,103564,0.07691919,"138,161,882,1167",false
359,67,15,대수공간의 사상,evidence/visual-qa-r3/pages-120dpi/page-359.png,365403,C0F9EEDC544A4AC3F76F7C0682D65A75F13717CB758C57D1D6B32A010C731BB9,1020,1320,105070,0.07803773,"138,161,882,1166",false
360,67,16,대수공간의 사상,evidence/visual-qa-r3/pages-120dpi/page-360.png,320445,A94A3FBB5196D2FD00120970417322F3BCAC15499F3211B74DAFE9E6F2C36FED,1020,1320,89290,0.06631759,"138,161,882,1165",false
361,67,17,대수공간의 사상,evidence/visual-qa-r3/pages-120dpi/page-361.png,359692,8CF0199DEBA01FE26E407703D15CFD8CFC9F6046167F5905CCAEB1D59B77866D,1020,1320,102406,0.07605912,"138,161,882,1166",false
362,67,18,대수공간의 사상,evidence/visual-qa-r3/pages-120dpi/page-362.png,389031,730ACF204D2915E0D237F680318622878DBD85F1183C10A96AFC479B76046352,1020,1320,112538,0.08358437,"138,161,882,1168",false
363,67,19,대수공간의 사상,evidence/visual-qa-r3/pages-120dpi/page-363.png,370231,D4B5D137FEAB10FDB7D00EDCAE3A292F49C1D1B2F89C6BE00437E34CEB6C8208,1020,1320,106973,0.07945113,"138,161,882,1167",false
364,67,20,대수공간의 사상,evidence/visual-qa-r3/pages-120dpi/page-364.png,363789,596EE649549111BCBE0FC10CEA3BDE063FFF333400E49E126E9AA7FA760FFACF,1020,1320,103539,0.07690062,"138,161,882,1168",false
365,67,21,대수공간의 사상,evidence/visual-qa-r3/pages-120dpi/page-365.png,330676,6D4675A86FAB79B524CCDA5644199083023DD204AE0E2A53C29ED55E250E61D1,1020,1320,93508,0.06945039,"138,161,882,1168",false
366,67,22,대수공간의 사상,evidence/visual-qa-r3/pages-120dpi/page-366.png,355749,58FE90497A942F188F3E3A9B91E51B3DA7AFB3E164AB5540CD12284C1C649E60,1020,1320,100605,0.07472148,"137,161,882,1167",false
367,67,23,대수공간의 사상,evidence/visual-qa-r3/pages-120dpi/page-367.png,329452,6F8F4DE5143E411DF5344B185143D8599E2321695DE786698AD8A21D2BB86523,1020,1320,94145,0.06992350,"137,161,882,1165",false
368,67,24,대수공간의 사상,evidence/visual-qa-r3/pages-120dpi/page-368.png,361621,CE53342530E7F6CF32346F373439BA767C7E1E9493BF33F18A25D3BE330C7F24,1020,1320,105284,0.07819667,"138,161,882,1167",false
369,67,25,대수공간의 사상,evidence/visual-qa-r3/pages-120dpi/page-369.png,375979,2F80A6C521B500E40511AFD03B4DD4B3C0446A4EB0571F48DAB226B09E038413,1020,1320,105328,0.07822935,"138,161,883,1166",false
370,67,26,대수공간의 사상,evidence/visual-qa-r3/pages-120dpi/page-370.png,408657,072F33FF0471D3F02F950D2362C6F5300739AE94A6DEB7039449039362C6E778,1020,1320,115514,0.08579471,"138,161,882,1167",false
371,67,27,대수공간의 사상,evidence/visual-qa-r3/pages-120dpi/page-371.png,229334,DD178230FA31A46FA8677F0E764399930343DA0260BFC063C4630275A6177AA1,1020,1320,62548,0.04645573,"138,161,882,1168",false
372,67,28,대수공간의 사상,evidence/visual-qa-r3/pages-120dpi/page-372.png,337524,DE3BD2A86F91723A36163B62AC54D5407E37674A9BB15DA435FBDC08B00CCBA6,1020,1320,95243,0.07073901,"138,161,882,1167",false
373,67,29,대수공간의 사상,evidence/visual-qa-r3/pages-120dpi/page-373.png,368641,300E5D1AFA5A0B729C9D1FEEEA18E2BE654B96EA53693C4E0B2192797AB42BF5,1020,1320,105505,0.07836081,"138,161,882,1168",false
374,67,30,대수공간의 사상,evidence/visual-qa-r3/pages-120dpi/page-374.png,312437,7DBAF5F7D35048B35FFC0E410D860E53AA954C407590CEDF018EA0694DA31B65,1020,1320,87218,0.06477867,"138,161,883,1169",false
375,67,31,대수공간의 사상,evidence/visual-qa-r3/pages-120dpi/page-375.png,341270,DA0A444A5CBF3F3F222F7EC136167248FBD29405C5E5DC938C936FD4032B6D97,1020,1320,94659,0.07030526,"138,161,882,1167",false
376,67,32,대수공간의 사상,evidence/visual-qa-r3/pages-120dpi/page-376.png,331394,79FDB4DDDB7AE2868FF33B8E07415FF4219682CE068C0E22EB63258260252A03,1020,1320,93078,0.06913102,"138,161,882,1168",false
377,67,33,대수공간의 사상,evidence/visual-qa-r3/pages-120dpi/page-377.png,347328,86EE0A75B1AE4853480C65F526C937F410A5E4920E1D9168220BEEC47D57F133,1020,1320,98463,0.07313057,"138,161,885,1167",false
378,67,34,대수공간의 사상,evidence/visual-qa-r3/pages-120dpi/page-378.png,356401,D428838C8DEFB3358677BA4CC7B7AC4DCB02893E141EA49FB815AAC8DB167A08,1020,1320,99298,0.07375074,"138,161,882,1166",false
379,67,35,대수공간의 사상,evidence/visual-qa-r3/pages-120dpi/page-379.png,255652,4D6F3CD00872BBC144F7DFF36B539A70662863AF87589D748A0791CCE93CD998,1020,1320,70654,0.05247623,"138,161,882,1166",false
380,67,36,대수공간의 사상,evidence/visual-qa-r3/pages-120dpi/page-380.png,337739,A9B5316863A89A4C7774C4C1ADACB39DEAADCDCD507578F9F5AFA59984704517,1020,1320,95306,0.07078580,"138,161,883,1166",false
381,67,37,대수공간의 사상,evidence/visual-qa-r3/pages-120dpi/page-381.png,261365,4560933182BFA31CB55AF6FD187BA588FD8547981BB4408DED5EF0BE40BB0D79,1020,1320,72803,0.05407234,"138,161,882,1166",false
382,67,38,대수공간의 사상,evidence/visual-qa-r3/pages-120dpi/page-382.png,263924,F5C42B933677B370745C45FC2AF33CC7D377E378D6580F6F9AB4754A7A8172EA,1020,1320,73421,0.05453134,"138,161,883,1168",false
383,67,39,대수공간의 사상,evidence/visual-qa-r3/pages-120dpi/page-383.png,321958,DCE3BECA24194AAF790ADAE64D1FDBB809B556435193EFC10DA9AECBA0E757A6,1020,1320,90205,0.06699718,"138,161,882,1166",false
384,67,40,대수공간의 사상,evidence/visual-qa-r3/pages-120dpi/page-384.png,382711,9B80B98F75950863C722120D300ADB45ED344C4BA2F4A113EED374570A6D159D,1020,1320,107480,0.07982769,"138,161,882,1169",false
385,67,41,대수공간의 사상,evidence/visual-qa-r3/pages-120dpi/page-385.png,358319,F8AFD31B3E89499A71964C8FDE3EF9B30E26B233F0B619580E5B30700E0CEDEF,1020,1320,99930,0.07422014,"138,161,882,1165",false
386,67,42,대수공간의 사상,evidence/visual-qa-r3/pages-120dpi/page-386.png,296007,D9E03CC46A290B6E54A6A4537991FB263F23A3550D711759C3A6A6153FA48A1E,1020,1320,81843,0.06078654,"138,161,882,1167",false
387,67,43,대수공간의 사상,evidence/visual-qa-r3/pages-120dpi/page-387.png,332634,722FCDF4454FC4C20A8EB66BFC5005605AF62F7D84FB0EB3685FF4FBA98C8CEB,1020,1320,93251,0.06925951,"138,161,882,1167",false
388,67,44,대수공간의 사상,evidence/visual-qa-r3/pages-120dpi/page-388.png,344947,4DD1C354F4087666CD055A38A6512E9D5D50B0154C712164A31E0A8279E4C674,1020,1320,97857,0.07268048,"138,161,882,1168",false
389,67,45,대수공간의 사상,evidence/visual-qa-r3/pages-120dpi/page-389.png,244658,7B2F5EFC015E629A22106B5656C56D7E01ACA0200A6A35083EAECBC989D78D3F,1020,1320,66658,0.04950832,"138,161,882,1167",false
390,67,46,대수공간의 사상,evidence/visual-qa-r3/pages-120dpi/page-390.png,352981,11C53C5D0245E03ABFFC5963A4C7B486342501C9EC1B5DD8EEF50AE774BCB226,1020,1320,98365,0.07305778,"138,161,882,1166",false
391,67,47,대수공간의 사상,evidence/visual-qa-r3/pages-120dpi/page-391.png,286614,E92FDAEEBF5BA1DCC9BE9700860310BC7DB3AE9EF671C26AA0B0A87B165B7117,1020,1320,79814,0.05927956,"138,161,882,1167",false
392,67,48,대수공간의 사상,evidence/visual-qa-r3/pages-120dpi/page-392.png,360153,72D43F96E857EDE74EA34804FC8A60261BBA7E920DBC826F1B616A0C5D3429A3,1020,1320,103747,0.07705511,"137,161,882,1167",false
393,67,49,대수공간의 사상,evidence/visual-qa-r3/pages-120dpi/page-393.png,284119,A3773C9193E3C132F89D285E94169206DD9228317B11F7228C1A60E42A914C3E,1020,1320,78089,0.05799837,"138,161,882,1166",false
394,67,50,대수공간의 사상,evidence/visual-qa-r3/pages-120dpi/page-394.png,256169,2209E7DE0A6243F95CBA8C829F03247BD12573608367583DE66F78BDE34EC1E8,1020,1320,71748,0.05328877,"138,161,882,1168",false
395,67,51,대수공간의 사상,evidence/visual-qa-r3/pages-120dpi/page-395.png,352127,37397BB0B6A8100D925247322F73E73AD0CF387E607D23F8ACF9E2723CB4BC82,1020,1320,99619,0.07398916,"138,161,883,1168",false
396,67,52,대수공간의 사상,evidence/visual-qa-r3/pages-120dpi/page-396.png,251525,8DBF96DAC867A66884CA0A1B41FB85914EE3B17F59EEC57D4C7174828FF38CD6,1020,1320,69059,0.05129159,"138,161,882,1164",false
397,67,53,대수공간의 사상,evidence/visual-qa-r3/pages-120dpi/page-397.png,381492,895FA913D3ECFF9DDEC01792118DB9836894B8F3E99AFF1D2CFC3C19FB609CBA,1020,1320,110092,0.08176768,"138,161,882,1167",false
398,67,54,대수공간의 사상,evidence/visual-qa-r3/pages-120dpi/page-398.png,381261,F8D88FE1425BC957E4E3A47E3608B159FA40561D6B6C1D1CD2D545C6B87BD1E9,1020,1320,107472,0.07982175,"138,161,883,1166",false
399,67,55,대수공간의 사상,evidence/visual-qa-r3/pages-120dpi/page-399.png,276802,794767E2169FE0DC74F387E6BA947898DF7F409168FFC2AC9192EE308B1332DF,1020,1320,78013,0.05794192,"138,161,882,1168",false
400,67,56,대수공간의 사상,evidence/visual-qa-r3/pages-120dpi/page-400.png,243574,EE9E0632213EF68B8C53607917E2BA03C422FD0EF097DDF4071D567D72FEE52F,1020,1320,66334,0.04926768,"138,161,882,1168",false
401,67,57,대수공간의 사상,evidence/visual-qa-r3/pages-120dpi/page-401.png,222574,2ECE613B547DAE88A98E6C29AFEF356E262839A8D16D326142978F2EDE9DB73A,1020,1320,60739,0.04511215,"138,161,882,1168",false
402,67,58,대수공간의 사상,evidence/visual-qa-r3/pages-120dpi/page-402.png,253730,B9251046E59509430DA29B962716DA9A90740DB98D0D8AB9B857A2CE3313FF80,1020,1320,69779,0.05182635,"138,161,882,1145",false
403,67,59,대수공간의 사상,evidence/visual-qa-r3/pages-120dpi/page-403.png,274287,21631E10B2F9FD6A42DAF46D1B20D91B541551DA84B7B4F670AB7AECA1B94619,1020,1320,76609,0.05689914,"138,161,882,1167",false
404,67,60,대수공간의 사상,evidence/visual-qa-r3/pages-120dpi/page-404.png,250744,45AEE0621687B01FBDD09F96B385F754566FBE97C01C4EF21957F0E570E225D9,1020,1320,67848,0.05039216,"138,161,882,1168",false
405,67,61,대수공간의 사상,evidence/visual-qa-r3/pages-120dpi/page-405.png,244981,2197695A349E42564E164399C50BE3A72DC5DEC480C8E64EF5EB019D83574A18,1020,1320,66753,0.04957888,"138,161,882,1166",false
406,67,62,대수공간의 사상,evidence/visual-qa-r3/pages-120dpi/page-406.png,364118,7D31D2725FCCFDDDF7B13AFE1A5CD2632D14C4B882A0FA383D94BCEAF24FF716,1020,1320,102446,0.07608883,"138,161,882,1166",false
407,67,63,대수공간의 사상,evidence/visual-qa-r3/pages-120dpi/page-407.png,254964,C4F923E803A46F26EB1EDDD270241757EFC073C38EFD5AB8D178807C5EFF1239,1020,1320,69847,0.05187686,"138,161,882,1166",false
408,67,64,대수공간의 사상,evidence/visual-qa-r3/pages-120dpi/page-408.png,360971,9F57C7A504D77A293ABF88BFDD4EB55DC99F6E6BCF8FEAA578A237D72CBB34D1,1020,1320,104458,0.07758318,"138,161,882,1167",false
409,67,65,대수공간의 사상,evidence/visual-qa-r3/pages-120dpi/page-409.png,223784,55952400AC9A64E93019EEE1466B402050630D073C34AE8AF5B77244E3551EFF,1020,1320,61419,0.04561720,"138,161,882,1166",false
410,67,66,대수공간의 사상,evidence/visual-qa-r3/pages-120dpi/page-410.png,282336,6E835E95ABA0F3967D5E473271ABEBC4CFAA816E6C56067B467B0FC59E46C1C6,1020,1320,78722,0.05846851,"138,161,882,1166",false
411,67,67,대수공간의 사상,evidence/visual-qa-r3/pages-120dpi/page-411.png,309121,27C37D6B8F35031A258BBC7E5DB91365B7BA3685859B3EA7A65044A4EE5FD148,1020,1320,85499,0.06350193,"138,161,882,1168",false
412,67,68,대수공간의 사상,evidence/visual-qa-r3/pages-120dpi/page-412.png,282388,72BB77BDCE5CC597922BC71735F02840EC24D9F949DE7BD9A28A6BE759DDAF89,1020,1320,78332,0.05817885,"138,161,882,1167",false
413,67,69,대수공간의 사상,evidence/visual-qa-r3/pages-120dpi/page-413.png,263915,3EC569D4DE8D9E3FED1479F71A02B56EB40CC6563D48BDA568F6C1FBA31D2DAD,1020,1320,73161,0.05433824,"138,161,882,1168",false
414,67,70,대수공간의 사상,evidence/visual-qa-r3/pages-120dpi/page-414.png,246648,F739C68D93668E81F522FCB9DEF44039A8921EFA6B653BE78EBCB72E43926F07,1020,1320,69420,0.05155971,"138,161,882,1168",false
415,67,71,대수공간의 사상,evidence/visual-qa-r3/pages-120dpi/page-415.png,313499,31C43B623C1D45D85B85940A81D013659AD09AF41394F3C8D3F84047E4E0CAEF,1020,1320,89757,0.06666444,"138,161,882,1166",false
416,67,72,대수공간의 사상,evidence/visual-qa-r3/pages-120dpi/page-416.png,250617,0B0BB3AF2946AE8F2F5990A052B48C9A48CD8FA9260DF55591EBD86F71892A7C,1020,1320,68003,0.05050728,"138,161,882,1166",false
417,67,73,대수공간의 사상,evidence/visual-qa-r3/pages-120dpi/page-417.png,241894,1F6FC3B4CC64F74343E9996958E34FB263A13AF07386441697E2B965B5D9CAD9,1020,1320,67489,0.05012552,"138,161,882,1168",false
418,67,74,대수공간의 사상,evidence/visual-qa-r3/pages-120dpi/page-418.png,338843,7211C1DE8086ABCFA1077E3B45194B315E96424BE2B349A61D4986AE2BE69A43,1020,1320,96346,0.07155823,"138,161,882,1165",false
419,67,75,대수공간의 사상,evidence/visual-qa-r3/pages-120dpi/page-419.png,215716,A50FD6CD0A758B8E96ABF309CDE92DFEBF30C06386C4056A59BA13D5CFEC6C27,1020,1320,58322,0.04331699,"138,161,882,1168",false
420,67,76,대수공간의 사상,evidence/visual-qa-r3/pages-120dpi/page-420.png,234377,E313C58E484D87BF5A3AAFDC9C0F941E20776E6BCEB53B1E4D00897B79D0D640,1020,1320,64462,0.04787730,"138,161,882,1166",false
421,67,77,대수공간의 사상,evidence/visual-qa-r3/pages-120dpi/page-421.png,274389,3D03A5E76433742D43F86BB10F8B2F6EB0F16F8B14A480608DD6082E7A9BCE82,1020,1320,78238,0.05810903,"138,161,882,1165",false
422,67,78,대수공간의 사상,evidence/visual-qa-r3/pages-120dpi/page-422.png,300992,830F7FE9B6013C4507FC2BA7F55E95EEDE806A296F5B72D2C27CA855E91ABEF9,1020,1320,84434,0.06271093,"138,161,882,1168",false
423,67,79,대수공간의 사상,evidence/visual-qa-r3/pages-120dpi/page-423.png,267060,FAA6D0E1DC4AD55D5D30A39D5E921EF79774A6072CE3F2595853C5CC6522701B,1020,1320,72670,0.05397356,"138,161,882,1166",false
424,67,80,대수공간의 사상,evidence/visual-qa-r3/pages-120dpi/page-424.png,319268,48CC5A49F21FE0132469722D39D74AF48397440227CB53DD0F09A227ACD15143,1020,1320,88604,0.06580808,"138,161,882,1168",false
425,67,81,대수공간의 사상,evidence/visual-qa-r3/pages-120dpi/page-425.png,361290,663CA736ECDA4728E310D145E2AC82503CE9AD78CBCC197AEBC70A260CB7E20F,1020,1320,102300,0.07598039,"138,161,882,1168",false
426,67,82,대수공간의 사상,evidence/visual-qa-r3/pages-120dpi/page-426.png,342624,582298645834BA6EF600F053654052953D38D47D8577A079BB79ACCEEA993C8E,1020,1320,96101,0.07137626,"138,161,882,1166",false
427,67,83,대수공간의 사상,evidence/visual-qa-r3/pages-120dpi/page-427.png,384742,1113D7FFE2D68C311AD80C89E912F180D714CA4A6138BD0F798160AC779A8632,1020,1320,111201,0.08259135,"138,161,882,1166",false
428,67,84,대수공간의 사상,evidence/visual-qa-r3/pages-120dpi/page-428.png,417420,C2B7FBB86A645F9256C0140B7CD0D1B60C0BE848D0D264AA5AB388643BB3A046,1020,1320,120836,0.08974747,"137,161,883,1169",false
429,67,85,대수공간의 사상,evidence/visual-qa-r3/pages-120dpi/page-429.png,340097,AB4C34FA72FAC53E23A538C47E6F270483CAD8F15FAC0862A03E9F5A56587498,1020,1320,94964,0.07053179,"138,161,883,1168",false
430,67,86,대수공간의 사상,evidence/visual-qa-r3/pages-120dpi/page-430.png,337734,B8F5FCBD28E6A7BFB2F53E419751FBB56DF0535B3162D793D0C8F53854C9A881,1020,1320,94102,0.06989156,"138,161,883,1167",false
431,67,87,대수공간의 사상,evidence/visual-qa-r3/pages-120dpi/page-431.png,414652,0202442F22DACEBAC8EA4E1222AEC99EB4DA127FE947D47948C98E4779B3E78E,1020,1320,117665,0.08739231,"138,161,883,1166",false
432,67,88,대수공간의 사상,evidence/visual-qa-r3/pages-120dpi/page-432.png,366683,CE79355F506640AC0C8517DEBEA3E25E3909E6CCAC0C1B0674EE6785AD635B52,1020,1320,101956,0.07572490,"138,161,882,1168",false
433,67,89,대수공간의 사상,evidence/visual-qa-r3/pages-120dpi/page-433.png,299368,AEBBCA4EA5B81F60DEF1B0D1B80DA31A371BC7C3361AEC6329C451A6EFBA0CD1,1020,1320,83021,0.06166147,"138,161,882,1166",false
434,67,90,대수공간의 사상,evidence/visual-qa-r3/pages-120dpi/page-434.png,319460,F11B3182171669D6EEEB80F07754720A888A936C58AA22BC5725D02E0C598F53,1020,1320,91225,0.06775475,"138,161,885,1167",false
435,67,91,대수공간의 사상,evidence/visual-qa-r3/pages-120dpi/page-435.png,314637,FC1AFD65052EAE7EB3896974AD5222803DEACC15260459CCAAFA0167551C34BA,1020,1320,89388,0.06639037,"138,161,883,1168",false
436,67,92,대수공간의 사상,evidence/visual-qa-r3/pages-120dpi/page-436.png,400437,A23F7C0525D4A4F5EC710B4E488C4737C99CF10B0FA454ABF807A7ED200FF4E4,1020,1320,115806,0.08601159,"138,161,882,1166",false
437,67,93,대수공간의 사상,evidence/visual-qa-r3/pages-120dpi/page-437.png,316955,B44D4AF7D97E2070F0013A2EF92836BB6447E23EA538F93F1E6BC5414738D038,1020,1320,87559,0.06503194,"138,161,883,1166",false
438,67,94,대수공간의 사상,evidence/visual-qa-r3/pages-120dpi/page-438.png,361463,37C935654A101E7D66E920E0A10F7171AC829991BA9DA1CA57ECCA1EF3B5E21E,1020,1320,102774,0.07633244,"138,161,882,1168",false
439,67,95,대수공간의 사상,evidence/visual-qa-r3/pages-120dpi/page-439.png,238058,1A9E23CE03E1E7EFF1CF96F588B71ADF2CF449B85EF5907EA357493D96D75F08,1020,1320,65297,0.04849747,"138,161,882,974",false
440,68,1,양호한 대수공간,evidence/visual-qa-r3/pages-120dpi/page-440.png,159345,458C8C1D9DF84A675BAA35DEA3D9CC999C9B48D6078454DAB41241B7792EFCE5,1020,1320,40713,0.03023841,"138,250,882,1183",false
441,68,2,양호한 대수공간,evidence/visual-qa-r3/pages-120dpi/page-441.png,327153,83289C23B1E7BD6EA448AB90AF7F1C33A02D5BAF2003FEF11DC338821C456FDF,1020,1320,93321,0.06931150,"138,161,882,1165",false
442,68,3,양호한 대수공간,evidence/visual-qa-r3/pages-120dpi/page-442.png,297992,8FB40CFDD1204A5A28B0F00897312F335AA182BA288C6F4C3936B20670D25842,1020,1320,82925,0.06159017,"138,161,882,1166",false
443,68,4,양호한 대수공간,evidence/visual-qa-r3/pages-120dpi/page-443.png,296684,4992BC489996373A5096E50DCC2F3AD0399F343A7D6C49B628AFA2B9D7898485,1020,1320,83625,0.06211007,"138,161,882,1168",false
444,68,5,양호한 대수공간,evidence/visual-qa-r3/pages-120dpi/page-444.png,314903,4757F8902E074BDDA58D711DA3E9755F7A9082474119B66A510290E9AA54691F,1020,1320,89894,0.06676619,"138,161,882,1167",false
445,68,6,양호한 대수공간,evidence/visual-qa-r3/pages-120dpi/page-445.png,338953,946F7A7947051346F77DCDA695928F813E231CCFDB6C52AF8DA8EB1474525E16,1020,1320,97167,0.07216800,"138,161,882,1168",false
446,68,7,양호한 대수공간,evidence/visual-qa-r3/pages-120dpi/page-446.png,340846,B7D8DFEE283932964FF8A132B1971A6B575AA733C84CE5295961E2DFDF9BA3C7,1020,1320,98921,0.07347074,"138,161,882,1167",false
447,68,8,양호한 대수공간,evidence/visual-qa-r3/pages-120dpi/page-447.png,262090,3394CF171647A3BF69B0B4356417CA31CC1705D8738A9CF99682142D5CBCF6DC,1020,1320,71477,0.05308749,"138,161,882,1167",false
448,68,9,양호한 대수공간,evidence/visual-qa-r3/pages-120dpi/page-448.png,394573,B987AFB800F7E78FA17D9EF55F4F97FE377979F2F1AA0C8E334CD0E80F04BB3E,1020,1320,112734,0.08372995,"138,161,882,1168",false
449,68,10,양호한 대수공간,evidence/visual-qa-r3/pages-120dpi/page-449.png,309980,702171C8CCE9A293268933314C7A2AC6BDBD481E884A5E660C75EDCC989EB884,1020,1320,87843,0.06524287,"138,161,882,1166",false
450,68,11,양호한 대수공간,evidence/visual-qa-r3/pages-120dpi/page-450.png,327056,DA8D8786BA11B60CABFF504CA60E40B2999B507DDE202EE0EAF066EAEFE7C912,1020,1320,92683,0.06883764,"138,161,882,1170",false
451,68,12,양호한 대수공간,evidence/visual-qa-r3/pages-120dpi/page-451.png,352663,29B0EAC79ECCBCB08D23661D8A536873C58FDF8683DDF21B855219CE365DE6B3,1020,1320,100203,0.07442291,"138,161,882,1168",false
452,68,13,양호한 대수공간,evidence/visual-qa-r3/pages-120dpi/page-452.png,327161,E584CDCF9C79D7F34B8D35AC0CB47449A7AD022545D10AA34759525E2D8D2A9A,1020,1320,93470,0.06942216,"138,161,882,1168",false
453,68,14,양호한 대수공간,evidence/visual-qa-r3/pages-120dpi/page-453.png,393793,27FA87F000AD3258BDDB18D539B118F2770341A97D983A19F72BEE4D0AB8DB73,1020,1320,112614,0.08364082,"138,161,882,1166",false
454,68,15,양호한 대수공간,evidence/visual-qa-r3/pages-120dpi/page-454.png,374278,2F71D58813E169B6F4A4DB72AB981EEE0BE6A5A113CE1A658E8443AADA40DC24,1020,1320,105076,0.07804219,"138,161,882,1168",false
455,68,16,양호한 대수공간,evidence/visual-qa-r3/pages-120dpi/page-455.png,385332,D12B9763821CF544AA0570717BD331BF66C11E8C31EF6A4351AE245301AC39DE,1020,1320,108967,0.08093212,"137,161,882,1168",false
456,68,17,양호한 대수공간,evidence/visual-qa-r3/pages-120dpi/page-456.png,355556,E22EC874A118A40D614B2945A2D1800AFA05B1EC6B57FD3CDE1DDD9247C1E446,1020,1320,102240,0.07593583,"138,161,882,1165",false
457,68,18,양호한 대수공간,evidence/visual-qa-r3/pages-120dpi/page-457.png,401917,8E2B479AA52EF1FB9EB6AB56FE51E629DE837F3DC0630434DC33C08A4DAF2D9C,1020,1320,115037,0.08544043,"138,161,882,1166",false
458,68,19,양호한 대수공간,evidence/visual-qa-r3/pages-120dpi/page-458.png,352022,DBA007831B67AEC61FF2F4B1F57B7A823A4F98B7B440DC043D7E1A4634E3CB80,1020,1320,99869,0.07417484,"137,161,882,1168",false
459,68,20,양호한 대수공간,evidence/visual-qa-r3/pages-120dpi/page-459.png,408781,2E10CD89FCFAF60BCEF8755657B22F6100C71A18CF8B5A3C75E6115D05C16337,1020,1320,116569,0.08657828,"138,161,882,1168",false
460,68,21,양호한 대수공간,evidence/visual-qa-r3/pages-120dpi/page-460.png,476591,CD262DAAA0BEDECF7A31C473D573BBB5C65A807F4380C0110AFB96039A1EA6BA,1020,1320,137850,0.10238414,"138,161,882,1167",false
461,68,22,양호한 대수공간,evidence/visual-qa-r3/pages-120dpi/page-461.png,332233,4924D3B2B8C94FC118D4F712EDF7FA934A2600D2D8858E51B1CD06639EA02CE8,1020,1320,93410,0.06937760,"138,161,882,1168",false
462,68,23,양호한 대수공간,evidence/visual-qa-r3/pages-120dpi/page-462.png,365698,403F049545EEC1C814EABD6D1719107529B2D3DC2E5A454EBDB041BDBA62AD4D,1020,1320,103802,0.07709596,"138,161,882,1166",false
463,68,24,양호한 대수공간,evidence/visual-qa-r3/pages-120dpi/page-463.png,335762,D142CEB1D36D78F173F56937E83F91721D3B3FA38FB0A33734127C780D6FED0B,1020,1320,96178,0.07143345,"138,161,882,1168",false
464,68,25,양호한 대수공간,evidence/visual-qa-r3/pages-120dpi/page-464.png,355547,78671DC77A811A94196CB576F0F24A5152FE9B63FD56D62D66CB6E299B3F7F3A,1020,1320,103492,0.07686572,"138,161,882,1166",false
465,68,26,양호한 대수공간,evidence/visual-qa-r3/pages-120dpi/page-465.png,360058,B0FBE2948C32C3E238153807E7840B197F9D5ABA25E0C447D3D856F8D7B426FD,1020,1320,103162,0.07662062,"138,161,882,1168",false
466,68,27,양호한 대수공간,evidence/visual-qa-r3/pages-120dpi/page-466.png,356207,A831F8BE3347B4D099C0D863FEF8515AAC6CF2ED8B34BDBB27BA4B06DDA0DF45,1020,1320,102212,0.07591503,"138,161,883,1166",false
467,68,28,양호한 대수공간,evidence/visual-qa-r3/pages-120dpi/page-467.png,351059,3DD0A8386ACA4FCB4FD80225BB250A8A52638F8CF03F27D514E96DBB73C587F2,1020,1320,99768,0.07409982,"138,161,882,1165",false
468,68,29,양호한 대수공간,evidence/visual-qa-r3/pages-120dpi/page-468.png,397624,748B6F481BF4AE0C0B1CC6A1E66EB66AF60F52C4C2E834012A2EA92A27803E5A,1020,1320,112936,0.08387998,"138,161,882,1166",false
469,68,30,양호한 대수공간,evidence/visual-qa-r3/pages-120dpi/page-469.png,339953,3E527120E7A8C6837616A9B77B912A0D3CA587A8D2A689BD3AA04E30BC2337D3,1020,1320,97220,0.07220737,"138,161,882,1168",false
470,68,31,양호한 대수공간,evidence/visual-qa-r3/pages-120dpi/page-470.png,373631,3BFE0F0ECAAA1CA012C8D73FA9AD301B5A3DFE9E89E7B4BDDFBE4F00A994123F,1020,1320,106178,0.07886067,"138,161,882,1168",false
471,68,32,양호한 대수공간,evidence/visual-qa-r3/pages-120dpi/page-471.png,279446,73E371A4B8DD83095900672D2AAAE7111C6FC900102162A4D19FFBFF2C1B7964,1020,1320,78728,0.05847296,"138,161,882,1165",false
472,68,33,양호한 대수공간,evidence/visual-qa-r3/pages-120dpi/page-472.png,253325,8F7DD289B69E4C77E799FF1472F0AE188044D4B04DEB69273FB6436A6105CCE9,1020,1320,70666,0.05248515,"138,161,882,1168",false
473,68,34,양호한 대수공간,evidence/visual-qa-r3/pages-120dpi/page-473.png,352468,75A5DFED789FE2CE6F1EBA6364DBE3F2DD124D69AFB40102FEB597102581C49D,1020,1320,99158,0.07364676,"138,161,883,1168",false
474,68,35,양호한 대수공간,evidence/visual-qa-r3/pages-120dpi/page-474.png,377040,1D4F26DF369D502E97AE1B029B61095F701FACCDC3B607B2717581308266BC8B,1020,1320,107136,0.07957219,"138,161,883,1168",false
475,68,36,양호한 대수공간,evidence/visual-qa-r3/pages-120dpi/page-475.png,313386,534ECEADDC7323116EA7DFCA2CE89FB3BE3759563F08D7FFCB9BA13DE2890A28,1020,1320,88974,0.06608289,"137,161,883,1164",false
476,68,37,양호한 대수공간,evidence/visual-qa-r3/pages-120dpi/page-476.png,318845,D371FD4391ABAED83E5ED144DF717D0F18D414469963E782593E6D62D67D6DE7,1020,1320,89499,0.06647282,"138,161,882,1168",false
477,68,38,양호한 대수공간,evidence/visual-qa-r3/pages-120dpi/page-477.png,302230,D76F7712C1C7A38EF0AB5464D837C7ACE63931CF58E3354F7711D9859F994CCE,1020,1320,87222,0.06478164,"138,161,883,1168",false
478,68,39,양호한 대수공간,evidence/visual-qa-r3/pages-120dpi/page-478.png,339773,379323CEA71DB0F5155FBF777F66CFA3181E02E70294E8C5D55DF1CAC8822660,1020,1320,94856,0.07045157,"138,161,882,1168",false
479,68,40,양호한 대수공간,evidence/visual-qa-r3/pages-120dpi/page-479.png,332067,EDFEE551E86933B106D3E8487FE1E3537E67FC278B67A34C00ED12FEB25DACF1,1020,1320,94050,0.06985294,"138,161,882,1166",false
480,68,41,양호한 대수공간,evidence/visual-qa-r3/pages-120dpi/page-480.png,365229,431C8D6B2176D06B344124969E37A66BBB6EE917E78F13594DE20218F25B0F1C,1020,1320,103144,0.07660725,"138,161,883,1170",false
481,68,42,양호한 대수공간,evidence/visual-qa-r3/pages-120dpi/page-481.png,387849,4B5421C776EFDFDE43C5430EF9CC82FB91C58C7F74D4289DE40CBDE025DB3DBB,1020,1320,109455,0.08129456,"138,161,882,1168",false
482,68,43,양호한 대수공간,evidence/visual-qa-r3/pages-120dpi/page-482.png,383839,3032ED3C9A5C3C5BFE16A6F55915E50A02F439E236551B10C748111C69195A15,1020,1320,110016,0.08171123,"138,161,882,1168",false
483,68,44,양호한 대수공간,evidence/visual-qa-r3/pages-120dpi/page-483.png,393114,6329F87B8EDDDE3F74D7BF461419779EB984FDCE41E134BF8154DC38A867F68F,1020,1320,113056,0.08396910,"138,161,883,1167",false
484,68,45,양호한 대수공간,evidence/visual-qa-r3/pages-120dpi/page-484.png,324880,A1938A85F70B812BD60523B938C6BF29B383F567469FDE35986BF00620D95B29,1020,1320,89701,0.06662285,"138,161,882,1168",false
485,68,46,양호한 대수공간,evidence/visual-qa-r3/pages-120dpi/page-485.png,359399,3E895C3763C0CDBA79F2C5F569035D46A7F550A193F135461243319FE4801010,1020,1320,102277,0.07596331,"138,161,883,1168",false
486,68,47,양호한 대수공간,evidence/visual-qa-r3/pages-120dpi/page-486.png,416161,340BF2909702E418AFBAED51DA9A4C0F3AB9BA284D2550C4826F48BC18D79E30,1020,1320,119572,0.08880867,"138,161,883,1167",false
487,68,48,양호한 대수공간,evidence/visual-qa-r3/pages-120dpi/page-487.png,400374,244A683DE3B4FB710849220E372F84F2DF866A65AB33BE6CDF4F85E161319F58,1020,1320,113921,0.08461156,"138,161,882,1167",false
488,68,49,양호한 대수공간,evidence/visual-qa-r3/pages-120dpi/page-488.png,384861,156DED89729C19B31EF8DE52DECFF2ADF0F6315E3B792C37B080E2A75D76C4A2,1020,1320,110555,0.08211156,"138,161,882,1166",false
489,68,50,양호한 대수공간,evidence/visual-qa-r3/pages-120dpi/page-489.png,205250,8F745F69C611A42C26B8B886B7CFC1E844EC2FE4430C3EBEFC62EE2298B84A76,1020,1320,59621,0.04428179,"138,161,882,729",false
490,71,1,대수공간 위의 제수,evidence/visual-qa-r3/pages-120dpi/page-490.png,190534,7B002C73380D512514C079F78E76A905E8A3A5F895260219BEF1FDE16D5D6433,1020,1320,50145,0.03724376,"138,250,882,1183",false
491,71,2,대수공간 위의 제수,evidence/visual-qa-r3/pages-120dpi/page-491.png,345226,1AC7CD3C46E85C1323C6C82C98DEA72F11FC770F778950663B460FC1EF0E5D56,1020,1320,96882,0.07195633,"138,161,882,1168",false
492,71,3,대수공간 위의 제수,evidence/visual-qa-r3/pages-120dpi/page-492.png,385898,5E151AED8F911776E7B1A509F0BAADEFB1AC8B1C89458AD8ED16BE00D28BA477,1020,1320,110254,0.08188800,"138,161,882,1167",false
493,71,4,대수공간 위의 제수,evidence/visual-qa-r3/pages-120dpi/page-493.png,318862,5160CCC96C5A3323919EA473C2A9C813CCB4A7ED4B5A457427EBACB12A44CBDA,1020,1320,90276,0.06704991,"138,161,882,1167",false
494,71,5,대수공간 위의 제수,evidence/visual-qa-r3/pages-120dpi/page-494.png,315504,A97A1D67DA39B77C7B57A2770A87E90712334593AAE38DC314415FE7940BB01B,1020,1320,89473,0.06645351,"138,161,882,1168",false
495,71,6,대수공간 위의 제수,evidence/visual-qa-r3/pages-120dpi/page-495.png,341660,0FB90B23A10BE970B1A61F0BE3657A49218487C9AB537687AA7B2C9CD16E9513,1020,1320,96597,0.07174465,"138,161,882,1168",false
496,71,7,대수공간 위의 제수,evidence/visual-qa-r3/pages-120dpi/page-496.png,315787,147E1D46009B96A7FEF8EFFC019A304D80C3B358FD2A2FE98357C30F7202BD03,1020,1320,87336,0.06486631,"138,161,882,1166",false
497,71,8,대수공간 위의 제수,evidence/visual-qa-r3/pages-120dpi/page-497.png,399319,B937220F65F2A6B2DDA2E7ABD91927AACC82B65D1A31852711BAF6EB62F86E88,1020,1320,113920,0.08461081,"138,161,883,1166",false
498,71,9,대수공간 위의 제수,evidence/visual-qa-r3/pages-120dpi/page-498.png,306813,DCFD51201967E5ECA482F397B24EAB040210E64481FAE193F60105B3F9021DE8,1020,1320,84904,0.06306001,"138,161,882,1167",false
499,71,10,대수공간 위의 제수,evidence/visual-qa-r3/pages-120dpi/page-499.png,318673,DA20889D8690CAD372257CCF7C46149A571AD7BFAE4ED72FE81A5C74D7326601,1020,1320,88422,0.06567291,"138,161,882,1167",false
500,71,11,대수공간 위의 제수,evidence/visual-qa-r3/pages-120dpi/page-500.png,370665,0CFE54FB2725ADFF2607681E37BA1A00C1292E832D21597145F584EDFF4CF258,1020,1320,105281,0.07819444,"138,161,882,1168",false
501,71,12,대수공간 위의 제수,evidence/visual-qa-r3/pages-120dpi/page-501.png,284634,84E90EBB99B37271A781533B878E48D101E63819FD295C2034E3C5840BE1ECE2,1020,1320,78668,0.05842840,"138,161,883,1168",false
502,71,13,대수공간 위의 제수,evidence/visual-qa-r3/pages-120dpi/page-502.png,320906,AFBDC31B7B329741B366A00360D64764CD73FF1CB06D2654016C8040DB5F640E,1020,1320,87959,0.06532903,"138,161,882,1166",false
503,71,14,대수공간 위의 제수,evidence/visual-qa-r3/pages-120dpi/page-503.png,423420,0E2E970021FD6CB65EF5E32FA35FA66E31D02499F588A6424B21704CA56FF322,1020,1320,121989,0.09060383,"138,161,882,1166",false
504,71,15,대수공간 위의 제수,evidence/visual-qa-r3/pages-120dpi/page-504.png,331711,B45AE8B0530B19A174A1E1F4166F1AC9E73B00F14C828397C36742738D41BEF1,1020,1320,91409,0.06789141,"138,161,882,1166",false
505,71,16,대수공간 위의 제수,evidence/visual-qa-r3/pages-120dpi/page-505.png,365408,9CF87A93A987C2298FEB5C17B1F06B008BDAE52A2C494383C4D57A4444E72496,1020,1320,104375,0.07752154,"138,161,882,1168",false
506,71,17,대수공간 위의 제수,evidence/visual-qa-r3/pages-120dpi/page-506.png,269965,533D36B35773E951700D3BA2A7D61C977DDCBDA57BCEADB33457EB5FD52C57FF,1020,1320,73765,0.05478684,"138,161,882,1168",false
507,71,18,대수공간 위의 제수,evidence/visual-qa-r3/pages-120dpi/page-507.png,365956,0F9ED34FE3F3F6A3F88EDFBD3DBEF9305D2FBC4ACC456EF5035D73F5D3A3303B,1020,1320,103633,0.07697044,"138,161,882,1167",false
508,71,19,대수공간 위의 제수,evidence/visual-qa-r3/pages-120dpi/page-508.png,351984,0B5BB11FAE2FBF0F4D37BDF51D0D41AEFD8B770BE86A8A26CCC31388FC10E322,1020,1320,98366,0.07305853,"138,161,883,1165",false
509,71,20,대수공간 위의 제수,evidence/visual-qa-r3/pages-120dpi/page-509.png,316039,E7369FAAB6B35D89EC2625592F8A4DFB2BC821D41EBE229E4DEA5F6A7B8EC7AD,1020,1320,88426,0.06567588,"138,161,882,1169",false
510,71,21,대수공간 위의 제수,evidence/visual-qa-r3/pages-120dpi/page-510.png,282685,71272E5CBFE17A480A4F2A6F7176DB3441F2FFEAB76B7E191939CEB7933B6BDB,1020,1320,77383,0.05747400,"138,161,882,1166",false
511,71,22,대수공간 위의 제수,evidence/visual-qa-r3/pages-120dpi/page-511.png,261220,3A4D25FBB6810ACD2B6D96876A53AA7539253B98D50A1B21517BA838244FB938,1020,1320,70211,0.05214721,"138,161,882,1170",false
512,71,23,대수공간 위의 제수,evidence/visual-qa-r3/pages-120dpi/page-512.png,242572,59A0293859E621133D2E8C8EF394885115861E45725E93258F129F19F0075AA2,1020,1320,64345,0.04779040,"138,161,883,1166",false
513,71,24,대수공간 위의 제수,evidence/visual-qa-r3/pages-120dpi/page-513.png,343227,D76F23376421906754260BE7BB14CFAA9ECC2E59770D85E2B6CA376BD92CB566,1020,1320,95253,0.07074643,"138,161,882,1168",false
514,71,25,대수공간 위의 제수,evidence/visual-qa-r3/pages-120dpi/page-514.png,324426,445039D6BD454C3EF7B0D248FCEEEFE1F00331BE69A145EE4AD658F16BC7F760,1020,1320,91288,0.06780154,"138,161,882,1167",false
515,71,26,대수공간 위의 제수,evidence/visual-qa-r3/pages-120dpi/page-515.png,343231,0513233CED119D7260F000FC87C3682879B086CF240BB8EA086A97021F9C147D,1020,1320,97027,0.07206402,"138,161,882,1168",false
516,71,27,대수공간 위의 제수,evidence/visual-qa-r3/pages-120dpi/page-516.png,366725,9A6317AD1A6E327EF5D6BF9D07FF67A35CDE0155EA85A90FB5760A1F06C960F2,1020,1320,103492,0.07686572,"137,161,883,1169",false
517,71,28,대수공간 위의 제수,evidence/visual-qa-r3/pages-120dpi/page-517.png,381959,0BF1BC043136D19243AB384F353836DBC30C835B4A2E534B37271F8F6E1949C6,1020,1320,107956,0.08018122,"138,161,882,1146",false
518,71,29,대수공간 위의 제수,evidence/visual-qa-r3/pages-120dpi/page-518.png,292455,393A1DF88EB4B29372C2E98D152E799262E8DB14D75C234EA887CE0DFB5BD9F5,1020,1320,81280,0.06036839,"138,161,882,1166",false
519,71,30,대수공간 위의 제수,evidence/visual-qa-r3/pages-120dpi/page-519.png,368966,675C2102C964D047FD259D34F0A647EB74A4087BC5C8F43338B3B2DFADE10A3B,1020,1320,103612,0.07695484,"138,161,882,1167",false
520,71,31,대수공간 위의 제수,evidence/visual-qa-r3/pages-120dpi/page-520.png,433515,877FBA89E4A1E203B9ECC07EE59E574DF4671725B2E662B32B8BC431576E95C3,1020,1320,125714,0.09337047,"138,161,882,1168",false
521,71,32,대수공간 위의 제수,evidence/visual-qa-r3/pages-120dpi/page-521.png,328921,B6A1982B53D8987743CA3AF5B46351BDBA795027507A24DAD773F1D2179BB8CE,1020,1320,93132,0.06917112,"138,161,882,1168",false
522,71,33,대수공간 위의 제수,evidence/visual-qa-r3/pages-120dpi/page-522.png,342475,518A61288CD23AC2F9998D5DCED8C39BFEA90B9390DB702BD2C82EDCC149339F,1020,1320,98067,0.07283645,"138,161,883,1166",false
523,71,34,대수공간 위의 제수,evidence/visual-qa-r3/pages-120dpi/page-523.png,373081,65D607EE3C8C8EA263B8A31EE595D53B2AC6CF8CD3204B71145E5B41A5D8BFF8,1020,1320,107428,0.07978907,"138,161,883,1168",false
524,71,35,대수공간 위의 제수,evidence/visual-qa-r3/pages-120dpi/page-524.png,356737,D199B89FC5A147508978792F55EA81E3F91F93B15818104AA3A23F9215670CA7,1020,1320,103961,0.07721405,"137,161,882,1008",false
525,99,1,Quot 공간과 Hilbert 공간,evidence/visual-qa-r3/pages-120dpi/page-525.png,244428,3D1A796F9921FB2343CBBF74EE9E324209C5A3F50E113E6313878CBF766AD78D,1020,1320,67377,0.05004234,"138,250,882,1183",false
526,99,2,Quot 공간과 Hilbert 공간,evidence/visual-qa-r3/pages-120dpi/page-526.png,405682,23CED06C4174753C75631EAAFDDF220D3B4654ECEA6A3A60A46148FA6A95A90E,1020,1320,114949,0.08537507,"138,161,882,1166",false
527,99,3,Quot 공간과 Hilbert 공간,evidence/visual-qa-r3/pages-120dpi/page-527.png,334067,DF35B0F89A64D85EC378056577B5B1EE87C3B0C26B93FFD8D7A6E527D895AAD4,1020,1320,93865,0.06971554,"138,161,882,1166",false
528,99,4,Quot 공간과 Hilbert 공간,evidence/visual-qa-r3/pages-120dpi/page-528.png,284038,0DF4A1A090AC7F15600E82DA7DCD4A76FF422207C43EF130731D1D41D4AC9353,1020,1320,78601,0.05837864,"138,161,882,1166",false
529,99,5,Quot 공간과 Hilbert 공간,evidence/visual-qa-r3/pages-120dpi/page-529.png,362949,547B06DEFC09C440414A5263D84F22E4A129C95FC475364CB8120EA20225FA49,1020,1320,105014,0.07799614,"137,161,882,1168",false
530,99,6,Quot 공간과 Hilbert 공간,evidence/visual-qa-r3/pages-120dpi/page-530.png,317572,E776E62CF002F252C4C14DD4958F1BDAD05DB5A669D7FFC1EFB9578D150363B6,1020,1320,87664,0.06510992,"138,161,882,1168",false
531,99,7,Quot 공간과 Hilbert 공간,evidence/visual-qa-r3/pages-120dpi/page-531.png,370412,3219034AAF19BC0F4F2EF791B60EE89C55300EA5C7FFDD1E56314C2C56A0C878,1020,1320,103642,0.07697712,"137,161,882,1167",false
532,99,8,Quot 공간과 Hilbert 공간,evidence/visual-qa-r3/pages-120dpi/page-532.png,327180,E980CEF473FBF8D16CE678DA74E8F18BF4EFDF792AF0BE79198E28B150EEF230,1020,1320,91108,0.06766786,"137,161,882,1168",false
533,99,9,Quot 공간과 Hilbert 공간,evidence/visual-qa-r3/pages-120dpi/page-533.png,368892,0DDB47864EDBC3F4793621DF6862B4170D02A3507DFA31DCD364A5A22101A7E2,1020,1320,104651,0.07772653,"137,161,882,1166",false
534,99,10,Quot 공간과 Hilbert 공간,evidence/visual-qa-r3/pages-120dpi/page-534.png,244099,5AA37D0C193037D51F5EC1BE7BB2647403269CEBCD70CFB97E75A3883A561F8F,1020,1320,66299,0.04924168,"138,161,882,1166",false
535,99,11,Quot 공간과 Hilbert 공간,evidence/visual-qa-r3/pages-120dpi/page-535.png,363409,D72475B2CAF00AB135F25A1AD71F6A95B77BC7B2C7FDD70E4C74BDBBA7D39ADF,1020,1320,101960,0.07572787,"137,161,882,1166",false
536,99,12,Quot 공간과 Hilbert 공간,evidence/visual-qa-r3/pages-120dpi/page-536.png,388372,59F74E0DE2DF7360CCB3837D00105699D4896CFB5712606402D730BAEF9F1F11,1020,1320,109237,0.08113265,"137,161,882,1166",false
537,99,13,Quot 공간과 Hilbert 공간,evidence/visual-qa-r3/pages-120dpi/page-537.png,346419,6F6DEBD64E4EA8B94437A43A7A870E53DEEBFEC619D91B734E512283F0DB728E,1020,1320,100172,0.07439988,"138,161,882,1165",false
538,99,14,Quot 공간과 Hilbert 공간,evidence/visual-qa-r3/pages-120dpi/page-538.png,414780,09970152BCB3DA89EEFA7DDE82182199776A1FB0A2B9CECBE537A989D7C9CF66,1020,1320,119712,0.08891266,"138,161,882,1167",false
539,99,15,Quot 공간과 Hilbert 공간,evidence/visual-qa-r3/pages-120dpi/page-539.png,362163,12434166AD2800864FD4C46174C610F5B7850F6DA0DB3B5F9058600905EDB23A,1020,1320,102339,0.07600936,"138,161,882,1166",false
540,99,16,Quot 공간과 Hilbert 공간,evidence/visual-qa-r3/pages-120dpi/page-540.png,351452,56972BAB11162E0FD3FB6B84056E750E447180D5699F96F509D7ADB9F16E70CE,1020,1320,97960,0.07275698,"138,161,882,1166",false
541,99,17,Quot 공간과 Hilbert 공간,evidence/visual-qa-r3/pages-120dpi/page-541.png,321845,6298BE313234FE11E22791E1E4B3312FE6368EFD90C545F90F2F6E6800E0FB38,1020,1320,90503,0.06721851,"137,161,882,1166",false
542,99,18,Quot 공간과 Hilbert 공간,evidence/visual-qa-r3/pages-120dpi/page-542.png,264080,03EB2068B539FC7822205D9D7F90D7A32C86E1659B809B7A059E7C53C067D5BE,1020,1320,73009,0.05422534,"138,161,882,1170",false
543,99,19,Quot 공간과 Hilbert 공간,evidence/visual-qa-r3/pages-120dpi/page-543.png,352133,11F5D403A99D01E8F5703E563065A1F922539315ACFA47E31FC939D2754828CB,1020,1320,96793,0.07189023,"137,161,882,1166",false
544,99,20,Quot 공간과 Hilbert 공간,evidence/visual-qa-r3/pages-120dpi/page-544.png,400340,FB29CF84C734A26B57459811273779857633737FF577C621C0F8636EB4661835,1020,1320,112552,0.08359477,"137,161,882,1169",false
545,99,21,Quot 공간과 Hilbert 공간,evidence/visual-qa-r3/pages-120dpi/page-545.png,380333,EB24909CD857B4851DCC6D62333476A775582F1393ACDF45C33B124F940F0580,1020,1320,104882,0.07789810,"137,161,882,1166",false
546,99,22,Quot 공간과 Hilbert 공간,evidence/visual-qa-r3/pages-120dpi/page-546.png,359479,756DE2F7977F8C447C8BE8DDF65DEA59DEFFB91D013FBE41E139004CC6D00A6B,1020,1320,101853,0.07564840,"138,161,882,1169",false
547,99,23,Quot 공간과 Hilbert 공간,evidence/visual-qa-r3/pages-120dpi/page-547.png,341078,6F8C627F5FA61CE8C8B9B75741DBEF3F2E1DEBE3168FA7E880425B2DD0D3DF9D,1020,1320,97972,0.07276589,"138,161,882,1168",false
548,99,24,Quot 공간과 Hilbert 공간,evidence/visual-qa-r3/pages-120dpi/page-548.png,364926,4A8BC9D31D230F9F9825A97D0540F9FF0957D0CCB00179925DAD7C21DBEDBBC1,1020,1320,100061,0.07431744,"138,161,882,1168",false
549,99,25,Quot 공간과 Hilbert 공간,evidence/visual-qa-r3/pages-120dpi/page-549.png,398793,FB2EDCB49785B0AA6904462DA0D94585F06C13F642DF18378D6A6D7508AA001F,1020,1320,112445,0.08351530,"137,161,882,1168",false
550,99,26,Quot 공간과 Hilbert 공간,evidence/visual-qa-r3/pages-120dpi/page-550.png,325919,3AEB529DBB458860B66398A27C838DE550BA1C4D3C7A8A0D507308EC5E90377D,1020,1320,91116,0.06767380,"138,161,882,1166",false
551,99,27,Quot 공간과 Hilbert 공간,evidence/visual-qa-r3/pages-120dpi/page-551.png,336708,2CED7899708A911555F5093C8DA4884A6A088D053D69387B275949013C193BDA,1020,1320,93784,0.06965538,"138,161,882,1168",false
552,99,28,Quot 공간과 Hilbert 공간,evidence/visual-qa-r3/pages-120dpi/page-552.png,345946,1F26BAAC2AC676C38EBBC566D25F17272A4728F4ED0A1DBEBDCA15F12DDA3E7D,1020,1320,96921,0.07198529,"138,161,882,1165",false
553,99,29,Quot 공간과 Hilbert 공간,evidence/visual-qa-r3/pages-120dpi/page-553.png,339014,32851AB44AD3B0B407A3AD8A613F70EBE7F22D3AF01AB1E7490E9125B6006102,1020,1320,94678,0.07031937,"137,161,882,1167",false
554,99,30,Quot 공간과 Hilbert 공간,evidence/visual-qa-r3/pages-120dpi/page-554.png,380530,2F880146B30075C86E3D9BEDEA8B1A5B91F1005A9E5E256D56A3F731BECE951C,1020,1320,108252,0.08040107,"138,161,882,1168",false
555,99,31,Quot 공간과 Hilbert 공간,evidence/visual-qa-r3/pages-120dpi/page-555.png,324309,07BC42FD9A40AF4DF40E3EF7D231442DC21A1187C64335DACDB365001560AEC5,1020,1320,88812,0.06596257,"137,161,882,1168",false
556,99,32,Quot 공간과 Hilbert 공간,evidence/visual-qa-r3/pages-120dpi/page-556.png,381590,02B753AD96A9A78C9B9D658A3915E67B6C933DFF54FA32666412408DB02F6029,1020,1320,107401,0.07976901,"138,161,883,1166",false
557,99,33,Quot 공간과 Hilbert 공간,evidence/visual-qa-r3/pages-120dpi/page-557.png,271665,B40481A622AD4680D50BABCADEC477C1712704FC7E17EC12AA6ED99565BE8CC7,1020,1320,75016,0.05571598,"137,161,882,1166",false
558,99,34,Quot 공간과 Hilbert 공간,evidence/visual-qa-r3/pages-120dpi/page-558.png,396542,C6101359A6D110EBCEF67969BAFA620138A8D4F36A0850CC8876D2A0575099AA,1020,1320,110566,0.08211973,"137,161,882,1170",false
559,99,35,Quot 공간과 Hilbert 공간,evidence/visual-qa-r3/pages-120dpi/page-559.png,308307,D04221197BD1697D7F5A67F017CEAC36E8C528A4E52875C2058629CCEB237854,1020,1320,85573,0.06355689,"137,161,882,1168",false
560,99,36,Quot 공간과 Hilbert 공간,evidence/visual-qa-r3/pages-120dpi/page-560.png,427135,8315BFE3FD2D810A418249EF268FCBAE08800D7B3C7C556E17A386F86D113424,1020,1320,122153,0.09072564,"138,161,882,1166",false
561,99,37,Quot 공간과 Hilbert 공간,evidence/visual-qa-r3/pages-120dpi/page-561.png,261850,89D120800F2B14BD74A27EB3FBBA4E8D832D49C527BF2BD54CD88155873DBE69,1020,1320,70187,0.05212938,"137,161,882,1166",false
562,99,38,Quot 공간과 Hilbert 공간,evidence/visual-qa-r3/pages-120dpi/page-562.png,299188,8BB1E1D51E1AD4B4A51016DB745B8596DBB147209A36033238409F6E412CFCA3,1020,1320,83490,0.06200980,"138,161,882,1168",false
563,99,39,Quot 공간과 Hilbert 공간,evidence/visual-qa-r3/pages-120dpi/page-563.png,330653,BBDAB2C6EA7C5C4676BA4CC433E81DD4C3588514F376896EDC189D605D6F934C,1020,1320,92261,0.06852421,"138,161,882,1166",false
564,99,40,Quot 공간과 Hilbert 공간,evidence/visual-qa-r3/pages-120dpi/page-564.png,336589,39F51402D0499BBBBAC6A25DF50D55805E63529EBAA90F78D9EDE3DAB6682AC5,1020,1320,93151,0.06918523,"138,161,882,1168",false
565,99,41,Quot 공간과 Hilbert 공간,evidence/visual-qa-r3/pages-120dpi/page-565.png,377031,F24340AB6AFC93892423D3AF8724CBB8AFAE2AFF15CF65CF7B21D42B3F5216AF,1020,1320,107540,0.07987225,"137,161,883,1165",false
566,99,42,Quot 공간과 Hilbert 공간,evidence/visual-qa-r3/pages-120dpi/page-566.png,286519,91077DBF6AAC889D596C83ADA145227D6C457B0A40A2C0C552048A3131CDB813,1020,1320,76515,0.05682932,"138,161,882,1168",false
567,99,43,Quot 공간과 Hilbert 공간,evidence/visual-qa-r3/pages-120dpi/page-567.png,364095,B89D88835ECB578F4DA5318B70879413EBC4E7331008AA4F561E095F67C4BD33,1020,1320,103805,0.07709819,"138,161,882,1168",false
568,99,44,Quot 공간과 Hilbert 공간,evidence/visual-qa-r3/pages-120dpi/page-568.png,327085,84FC06DAF15B9A4657B814313BDB12F295BF698EA7E02DB8A1B2FEBA04E6CF11,1020,1320,94091,0.06988339,"137,161,882,1167",false
569,99,45,Quot 공간과 Hilbert 공간,evidence/visual-qa-r3/pages-120dpi/page-569.png,298048,65791AA764B9E57C8F97DE68F07D414463CB35BFBC3FEAC4C53124AB1BCF9080,1020,1320,83477,0.06200015,"137,161,882,1168",false
570,99,46,Quot 공간과 Hilbert 공간,evidence/visual-qa-r3/pages-120dpi/page-570.png,420372,8B6A39B98C7D03E58136A62CBA4241A0EE08482612A66141CA398E5325111DEB,1020,1320,118713,0.08817068,"138,161,882,1166",false
571,99,47,Quot 공간과 Hilbert 공간,evidence/visual-qa-r3/pages-120dpi/page-571.png,415363,DEC03AA10144F9E3FD82768B3E4387F40F1A436438FEBCF8E5B917A11022F097,1020,1320,126787,0.09416741,"138,161,882,1167",false
572,99,48,Quot 공간과 Hilbert 공간,evidence/visual-qa-r3/pages-120dpi/page-572.png,35519,ABD0A8EFC276841B8B2F845F4B0D73D7DF9256160BA3426AA26D22EAB584AC75,1020,1320,8912,0.00661913,"138,161,881,260",false
